isExercice,picture,type,name_en,name_fr,alreadyExists,_id,variation_1,variation_2,variation_3,variation_4,popularity
TRUE,https://static.strengthlevel.com/images/exercises/bench-press/icons/bench-press-icon-128.webp,669cee980c89e9434327caa5,Bench Press,Développé couché,TRUE,669ced7e665a3ffe77714367,,,,,100
TRUE,https://static.strengthlevel.com/images/exercises/squat/icons/squat-icon-128.webp,669cee980c89e9434327caa5,Squat,Squat,TRUE,669ced7e665a3ffe77714374,,,,,100
TRUE,https://static.strengthlevel.com/images/exercises/deadlift/icons/deadlift-icon-128.webp,669cee980c89e9434327caa5,Deadlift,Soulevé de terre,TRUE,669ced7e665a3ffe77714375,,,,,98
TRUE,https://static.strengthlevel.com/images/exercises/shoulder-press/icons/shoulder-press-icon-128.webp,669cee980c89e9434327caa5,Shoulder Press,Développé épaules,FALSE,,669c3609218324e0b7682b76,669c3609218324e0b7682a49,,,90
TRUE,https://static.strengthlevel.com/images/exercises/pull-ups/icons/pull-ups-icon-128.webp,669cee980c89e9434327caa7,Pull Ups,Tractions,TRUE,669ced7e665a3ffe77714379,,,,,96
TRUE,https://static.strengthlevel.com/images/exercises/dumbbell-bench-press/icons/dumbbell-bench-press-icon-128.webp,669cee980c89e9434327caa5,Dumbbell Bench Press,Développé couché haltères,FALSE,,669ced7e665a3ffe77714367,669c3609218324e0b7682aaa,,,94
TRUE,https://static.strengthlevel.com/images/exercises/dumbbell-curl/icons/dumbbell-curl-icon-128.webp,669cee980c89e9434327caa5,Dumbbell Curl,Curl haltères,FALSE,,6888d9706e86f456e1861e11,669c3609218324e0b7682aaa,,,97
TRUE,https://static.strengthlevel.com/images/exercises/push-ups/icons/push-ups-icon-128.webp,669cee980c89e9434327caa7,Push Ups,Pompes,TRUE,669ced7e665a3ffe7771437a,,,,,100
TRUE,https://static.strengthlevel.com/images/exercises/sled-leg-press/icons/sled-leg-press-icon-128.webp,669cee980c89e9434327caa6,Sled Leg Press,Presse à cuisses inclinée,FALSE,,669c3609218324e0b7682b76,669c3609218324e0b7682a47,669c3609218324e0b7682a82,,85
TRUE,https://static.strengthlevel.com/images/exercises/barbell-curl/icons/barbell-curl-icon-128.webp,669cee980c89e9434327caa5,Barbell Curl,Curl barre,FALSE,,6888d9706e86f456e1861e11,669c3609218324e0b7682aa0,,,88
TRUE,https://static.strengthlevel.com/images/exercises/incline-dumbbell-bench-press/icons/incline-dumbbell-bench-press-icon-128.webp,669cee980c89e9434327caa5,Incline Dumbbell Bench Press,Développé incliné haltères,FALSE,,669ced7e665a3ffe77714367,669c3609218324e0b7682a82,669c3609218324e0b7682aaa,,86
TRUE,https://static.strengthlevel.com/images/exercises/bent-over-row/icons/bent-over-row-icon-128.webp,669cee980c89e9434327caa5,Bent Over Row,Rowing penché,FALSE,,669ced7e665a3ffe7771436c,669c3609218324e0b7682a84,,,82
TRUE,https://static.strengthlevel.com/images/exercises/dips/icons/dips-icon-128.webp,669cee980c89e9434327caa7,Dips,Dips,TRUE,669ced7e665a3ffe7771437b,,,,,89
TRUE,https://static.strengthlevel.com/images/exercises/incline-bench-press/icons/incline-bench-press-icon-128.webp,669cee980c89e9434327caa5,Incline Bench Press,Développé incliné,FALSE,,669ced7e665a3ffe77714367,669c3609218324e0b7682a82,,,87
TRUE,https://static.strengthlevel.com/images/exercises/dumbbell-shoulder-press/icons/dumbbell-shoulder-press-icon-128.webp,669cee980c89e9434327caa5,Dumbbell Shoulder Press,Développé épaules haltères,FALSE,,669c3609218324e0b7682b76,669c3609218324e0b7682a49,669c3609218324e0b7682aaa,,91
TRUE,https://static.strengthlevel.com/images/exercises/lat-pulldown/icons/lat-pulldown-icon-128.webp,669cee980c89e9434327caa5,Lat Pulldown,Tirage vertical,TRUE,669ced7e665a3ffe7771436f,,,,,95
TRUE,https://static.strengthlevel.com/images/exercises/front-squat/icons/front-squat-icon-128.webp,669cee980c89e9434327caa6,Front Squat,Squat avant,FALSE,,669ced7e665a3ffe77714374,6918e8b56f9c2c0bb57e8ffc,,,75
TRUE,https://static.strengthlevel.com/images/exercises/hex-bar-deadlift/icons/hex-bar-deadlift-icon-128.webp,669cee980c89e9434327caa6,Hex Bar Deadlift,Soulevé de terre barre trap,FALSE,,669ced7e665a3ffe77714375,669c3609218324e0b7682aa7,,,60
TRUE,https://static.strengthlevel.com/images/exercises/chin-ups/icons/chin-ups-icon-128.webp,669cee980c89e9434327caa7,Chin Ups,Tractions supination,FALSE,,669ced7e665a3ffe77714379,669c3609218324e0b7682a95,,,80
TRUE,https://static.strengthlevel.com/images/exercises/hip-thrust/icons/hip-thrust-icon-128.webp,669cee980c89e9434327caa6,Hip Thrust,Hip thrust,TRUE,669ced7e665a3ffe77714377,,,,,85
TRUE,https://static.strengthlevel.com/images/exercises/dumbbell-lateral-raise/icons/dumbbell-lateral-raise-icon-128.webp,669cee980c89e9434327caa5,Dumbbell Lateral Raise,Élévations latérales haltères,FALSE,,669c3609218324e0b7682b71,66cc8e8f148b9943caa05cec,669c3609218324e0b7682aaa,,93
TRUE,https://static.strengthlevel.com/images/exercises/leg-extension/icons/leg-extension-icon-128.webp,669cee980c89e9434327caa6,Leg Extension,Extension de jambes,FALSE,,669c3609218324e0b7682b73,669c3609218324e0b7682a47,,,92
TRUE,https://static.strengthlevel.com/images/exercises/romanian-deadlift/icons/romanian-deadlift-icon-128.webp,669cee980c89e9434327caa6,Romanian Deadlift,Soulevé de terre roumain,FALSE,,669ced7e665a3ffe77714375,6918eb886f9c2c0bb57e8ffd,,,84
TRUE,https://static.strengthlevel.com/images/exercises/power-clean/icons/power-clean-icon-128.webp,669cee980c89e9434327caad,Power Clean,Épaulé explosif,FALSE,,669ced7e665a3ffe777143bc,66cc8e26148b9943caa05ce7,,,55
TRUE,https://static.strengthlevel.com/images/exercises/horizontal-leg-press/icons/horizontal-leg-press-icon-128.webp,669cee980c89e9434327caa6,Horizontal Leg Press,Presse horizontale,FALSE,,669c3609218324e0b7682b76,669c3609218324e0b7682a47,6918eff76f9c2c0bb57e8fff,,88
TRUE,https://static.strengthlevel.com/images/exercises/dumbbell-row/icons/dumbbell-row-icon-128.webp,669cee980c89e9434327caa5,Dumbbell Row,Rowing haltères,FALSE,,669ced7e665a3ffe7771436c,669c3609218324e0b7682aaa,,,81
TRUE,https://static.strengthlevel.com/images/exercises/military-press/icons/military-press-icon-128.webp,669cee980c89e9434327caa5,Military Press,Développé militaire,TRUE,669ced7e665a3ffe77714369,,,,,85
TRUE,https://static.strengthlevel.com/images/exercises/sumo-deadlift/icons/sumo-deadlift-icon-128.webp,669cee980c89e9434327caa6,Sumo Deadlift,Soulevé de terre sumo,FALSE,,669ced7e665a3ffe77714375,669ced7e665a3ffe77714375,,,70
TRUE,https://static.strengthlevel.com/images/exercises/chest-press/icons/chest-press-icon-128.webp,669cee980c89e9434327caa5,Chest Press,Développé à la machine,FALSE,,669c3609218324e0b7682b76,669c3609218324e0b7682aba,,,85
TRUE,https://static.strengthlevel.com/images/exercises/tricep-pushdown/icons/tricep-pushdown-icon-128.webp,669cee980c89e9434327caa5,Tricep Pushdown,Extension triceps,FALSE,,669c3609218324e0b7682b73,669c3609218324e0b7682a44,,,90
TRUE,https://static.strengthlevel.com/images/exercises/hammer-curl/icons/hammer-curl-icon-128.webp,669cee980c89e9434327caa5,Hammer Curl,Curl marteau,FALSE,,6888d9706e86f456e1861e11,669c3609218324e0b7682a93,,,86
TRUE,https://static.strengthlevel.com/images/exercises/seated-cable-row/icons/seated-cable-row-icon-128.webp,669cee980c89e9434327caa5,Seated Cable Row,Rowing assis à la poulie,FALSE,,669ced7e665a3ffe7771436c,669c3609218324e0b7682a4c,68b6de6cfefb7daba8c16c98,,87
TRUE,https://static.strengthlevel.com/images/exercises/crunches/icons/crunches-icon-128.webp,669cee980c89e9434327caaa,Crunches,Crunchs,TRUE,669ced7e665a3ffe7771439a,,,,,95
TRUE,https://static.strengthlevel.com/images/exercises/sit-ups/icons/sit-ups-icon-128.webp,669cee980c89e9434327caaa,Sit Ups,Relevés de buste,TRUE,669ced7e665a3ffe7771439b,,,,,96
TRUE,https://static.strengthlevel.com/images/exercises/muscle-ups/icons/muscle-ups-icon-128.webp,669cee980c89e9434327caa7,Muscle Ups,Muscle-up,TRUE,669ced7e665a3ffe7771437c,,,,,50
TRUE,https://static.strengthlevel.com/images/exercises/seated-dumbbell-shoulder-press/icons/seated-dumbbell-shoulder-press-icon-128.webp,669cee980c89e9434327caa5,Seated Dumbbell Shoulder Press,Développé épaules assis haltères,FALSE,,669c3609218324e0b7682b76,669c3609218324e0b7682a49,669c3609218324e0b7682aaa,669c3609218324e0b7682a4c,88
TRUE,https://static.strengthlevel.com/images/exercises/hack-squat/icons/hack-squat-icon-128.webp,669cee980c89e9434327caa6,Hack Squat,Hack squat,TRUE,688783fd6e86f456e1861dde,,,,,65
TRUE,https://static.strengthlevel.com/images/exercises/machine-shoulder-press/icons/machine-shoulder-press-icon-128.webp,669cee980c89e9434327caa5,Machine Shoulder Press,Développé épaules machine,FALSE,,669c3609218324e0b7682b76,669c3609218324e0b7682a49,669c3609218324e0b7682aba,,75
TRUE,https://static.strengthlevel.com/images/exercises/clean-and-jerk/icons/clean-and-jerk-icon-128.webp,669cee980c89e9434327caad,Clean and Jerk,Épaulé-jeté,FALSE,,669ced7e665a3ffe777143bc,669ced7e665a3ffe777143be,,,55
TRUE,https://static.strengthlevel.com/images/exercises/machine-chest-fly/icons/machine-chest-fly-icon-128.webp,669cee980c89e9434327caa5,Machine Chest Fly,Écarté pectoraux machine,FALSE,,669ced7e665a3ffe77714368,677e94356294b680edf97628,669c3609218324e0b7682aba,,78
TRUE,https://static.strengthlevel.com/images/exercises/dumbbell-bulgarian-split-squat/icons/dumbbell-bulgarian-split-squat-icon-128.webp,669cee980c89e9434327caa6,Dumbbell Bulgarian Split Squat,Squat bulgare haltères,FALSE,,669ced7e665a3ffe77714374,669c3609218324e0b7682af4,669c3609218324e0b7682aaa,,72
TRUE,https://static.strengthlevel.com/images/exercises/one-arm-push-ups/icons/one-arm-push-ups-icon-128.webp,669cee980c89e9434327caa7,One Arm Push Ups,Pompes à un bras,FALSE,,669ced7e665a3ffe7771437a,691ae56e9c28bf0f3ee1234c,,,25
TRUE,https://static.strengthlevel.com/images/exercises/lying-tricep-extension/icons/lying-tricep-extension-icon-128.webp,669cee980c89e9434327caa5,Lying Tricep Extension,Barre au front,TRUE,669ced7e665a3ffe77714370,,,,,75
TRUE,https://static.strengthlevel.com/images/exercises/seated-leg-curl/icons/seated-leg-curl-icon-128.webp,669cee980c89e9434327caa6,Seated Leg Curl,Curl jambes assis,FALSE,,669c3609218324e0b7682a47,6888d9706e86f456e1861e11,669c3609218324e0b7682a4c,,80
TRUE,https://static.strengthlevel.com/images/exercises/ez-bar-curl/icons/ez-bar-curl-icon-128.webp,669cee980c89e9434327caa5,EZ Bar Curl,Curl barre EZ,FALSE,,6888d9706e86f456e1861e11,669c3609218324e0b7682aa3,,,82
TRUE,https://static.strengthlevel.com/images/exercises/snatch/icons/snatch-icon-128.webp,669cee980c89e9434327caad,Snatch,Arraché,TRUE,669ced7e665a3ffe777143bb,,,,,45
TRUE,https://static.strengthlevel.com/images/exercises/close-grip-bench-press/icons/close-grip-bench-press-icon-128.webp,669cee980c89e9434327caa5,Close Grip Bench Press,Développé couché prise serrée,FALSE,,669ced7e665a3ffe77714367,691ae7459c28bf0f3ee1234d,,,65
TRUE,https://static.strengthlevel.com/images/exercises/preacher-curl/icons/preacher-curl-icon-128.webp,669cee980c89e9434327caa5,Preacher Curl,Curl pupitre,FALSE,,6888d9706e86f456e1861e11,669c3609218324e0b7682a57,,,70
TRUE,https://static.strengthlevel.com/images/exercises/seated-shoulder-press/icons/seated-shoulder-press-icon-128.webp,669cee980c89e9434327caa5,Seated Shoulder Press,Développé épaules assis,FALSE,,669c3609218324e0b7682b76,669c3609218324e0b7682a49,669c3609218324e0b7682a4c,,80
TRUE,https://static.strengthlevel.com/images/exercises/goblet-squat/icons/goblet-squat-icon-128.webp,669cee980c89e9434327caa6,Goblet Squat,Squat gobelet,FALSE,,669ced7e665a3ffe77714374,691ae84b9c28bf0f3ee12350,,,75
TRUE,https://static.strengthlevel.com/images/exercises/barbell-shrug/icons/barbell-shrug-icon-128.webp,669cee980c89e9434327caa5,Barbell Shrug,Shrug barre,FALSE,,669ced7e665a3ffe7771436b,669c3609218324e0b7682aa0,,,68
TRUE,https://static.strengthlevel.com/images/exercises/clean/icons/clean-icon-128.webp,669cee980c89e9434327caad,Clean,Épaulé,TRUE,669ced7e665a3ffe777143bc,,,,,50
TRUE,https://static.strengthlevel.com/images/exercises/t-bar-row/icons/t-bar-row-icon-128.webp,669cee980c89e9434327caa5,T Bar Row,Rowing barre T,FALSE,,669ced7e665a3ffe7771436c,691ae99d9c28bf0f3ee12351,,,65
TRUE,https://static.strengthlevel.com/images/exercises/lying-leg-curl/icons/lying-leg-curl-icon-128.webp,669cee980c89e9434327caa6,Lying Leg Curl,Leg Curl allongé,FALSE,,669c3609218324e0b7682a47,6888d9706e86f456e1861e11,669c3609218324e0b7682a4d,,82
TRUE,https://static.strengthlevel.com/images/exercises/neutral-grip-pull-ups/icons/neutral-grip-pull-ups-icon-128.webp,669cee980c89e9434327caa7,Neutral Grip Pull Ups,Tractions prise neutre,FALSE,,669ced7e665a3ffe77714379,669c3609218324e0b7682a93,,,70
TRUE,https://static.strengthlevel.com/images/exercises/machine-calf-raise/icons/machine-calf-raise-icon-128.webp,669cee980c89e9434327caa6,Machine Calf Raise,Extension mollets machine,FALSE,,669c3609218324e0b7682b73,677e95416294b680edf9762d,669c3609218324e0b7682aba,,85
TRUE,https://static.strengthlevel.com/images/exercises/diamond-push-ups/icons/diamond-push-ups-icon-128.webp,669cee980c89e9434327caa7,Diamond Push Ups,Pompes diamant,FALSE,,669ced7e665a3ffe7771437a,669c3609218324e0b7682b0e,,,70
TRUE,https://static.strengthlevel.com/images/exercises/push-press/icons/push-press-icon-128.webp,669cee980c89e9434327caa5,Push Press,Développé poussé,FALSE,,669c3609218324e0b7682b76,691c709c9c28bf0f3ee12368,,,40
TRUE,https://static.strengthlevel.com/images/exercises/dumbbell-fly/icons/dumbbell-fly-icon-128.webp,669cee980c89e9434327caa5,Dumbbell Fly,Écarté haltères,FALSE,,669ced7e665a3ffe77714368,669c3609218324e0b7682aaa,,,75
TRUE,https://static.strengthlevel.com/images/exercises/hip-adduction/icons/hip-adduction-icon-128.webp,669cee980c89e9434327caa6,Hip Adduction,Adduction de hanche,FALSE,,669c3609218324e0b7682b75,669c3609218324e0b7682a48,,,70
TRUE,https://static.strengthlevel.com/images/exercises/dumbbell-shrug/icons/dumbbell-shrug-icon-128.webp,669cee980c89e9434327caa5,Dumbbell Shrug,Shrug haltères,FALSE,,669ced7e665a3ffe7771436b,669c3609218324e0b7682aaa,,,65
TRUE,https://static.strengthlevel.com/images/exercises/decline-bench-press/icons/decline-bench-press-icon-128.webp,669cee980c89e9434327caa5,Decline Bench Press,Développé décliné,FALSE,,669ced7e665a3ffe77714367,669c3609218324e0b7682a83,,,55
TRUE,https://static.strengthlevel.com/images/exercises/smith-machine-bench-press/icons/smith-machine-bench-press-icon-128.webp,669cee980c89e9434327caa5,Smith Machine Bench Press,Développé couché barre guidée,FALSE,,669ced7e665a3ffe77714367,669c3609218324e0b7682ab9,,,60
TRUE,https://static.strengthlevel.com/images/exercises/dumbbell-lunge/icons/dumbbell-lunge-icon-128.webp,669cee980c89e9434327caa6,Dumbbell Lunge,Fentes haltères,FALSE,,669ced7e665a3ffe77714376,669c3609218324e0b7682aaa,,,78
TRUE,https://static.strengthlevel.com/images/exercises/pistol-squat/icons/pistol-squat-icon-128.webp,669cee980c89e9434327caa6,Pistol Squat,Squat pistol,FALSE,,669ced7e665a3ffe77714374,669c3609218324e0b7682b0a,,,45
TRUE,https://static.strengthlevel.com/images/exercises/hanging-leg-raise/icons/hanging-leg-raise-icon-128.webp,669cee980c89e9434327caaa,Hanging Leg Raise,Relevés de jambes suspendu,TRUE,669ced7e665a3ffe7771439e,,,,,72
TRUE,https://static.strengthlevel.com/images/exercises/machine-row/icons/machine-row-icon-128.webp,669cee980c89e9434327caa5,Machine Row,Rowing machine,FALSE,,669ced7e665a3ffe7771436c,669c3609218324e0b7682aba,,,80
TRUE,https://static.strengthlevel.com/images/exercises/tricep-rope-pushdown/icons/tricep-rope-pushdown-icon-128.webp,669cee980c89e9434327caa5,Tricep Rope Pushdown,Extension triceps corde,FALSE,,669c3609218324e0b7682aba,669c3609218324e0b7682a44,669c3609218324e0b7682ab1,,88
TRUE,https://static.strengthlevel.com/images/exercises/chest-supported-dumbbell-row/icons/chest-supported-dumbbell-row-icon-128.webp,669cee980c89e9434327caa5,Chest Supported Dumbbell Row,Rowing haltères appui poitrine,FALSE,,669ced7e665a3ffe7771436c,669c3609218324e0b7682aaa,669c3609218324e0b7682a4f,,65
TRUE,https://static.strengthlevel.com/images/exercises/clean-and-press/icons/clean-and-press-icon-128.webp,669cee980c89e9434327caad,Clean and Press,Épaulé-développé,FALSE,,669ced7e665a3ffe777143bc,669c3609218324e0b7682b76,,,45
TRUE,https://static.strengthlevel.com/images/exercises/dumbbell-romanian-deadlift/icons/dumbbell-romanian-deadlift-icon-128.webp,669cee980c89e9434327caa6,Dumbbell Romanian Deadlift,Soulevé de terre roumain haltères,FALSE,,669ced7e665a3ffe77714375,6918eb886f9c2c0bb57e8ffd,669c3609218324e0b7682aaa,,78
TRUE,https://static.strengthlevel.com/images/exercises/bulgarian-split-squat/icons/bulgarian-split-squat-icon-128.webp,669cee980c89e9434327caa6,Bulgarian Split Squat,Squat bulgare,FALSE,,669ced7e665a3ffe77714374,669c3609218324e0b7682af4,,,75
TRUE,https://static.strengthlevel.com/images/exercises/rack-pull/icons/rack-pull-icon-128.webp,669cee980c89e9434327caa6,Rack Pull,Rack Pull,FALSE,,,,,,40
TRUE,https://static.strengthlevel.com/images/exercises/smith-machine-squat/icons/smith-machine-squat-icon-128.webp,669cee980c89e9434327caa6,Smith Machine Squat,Squat barre guidée,FALSE,,669ced7e665a3ffe77714374,669c3609218324e0b7682ab9,,,65
TRUE,https://static.strengthlevel.com/images/exercises/dumbbell-tricep-extension/icons/dumbbell-tricep-extension-icon-128.webp,669cee980c89e9434327caa5,Dumbbell Tricep Extension,Extension triceps haltères,FALSE,,669c3609218324e0b7682aba,669c3609218324e0b7682a44,669c3609218324e0b7682aaa,,80
TRUE,https://static.strengthlevel.com/images/exercises/pendlay-row/icons/pendlay-row-icon-128.webp,669cee980c89e9434327caa5,Pendlay Row,Rowing Pendlay,FALSE,,,,,,45
TRUE,https://static.strengthlevel.com/images/exercises/box-squat/icons/box-squat-icon-128.webp,669cee980c89e9434327caa6,Box Squat,Squat sur box,FALSE,,669ced7e665a3ffe77714374,669c3609218324e0b7682a50,,,35
TRUE,https://static.strengthlevel.com/images/exercises/cable-bicep-curl/icons/cable-bicep-curl-icon-128.webp,669cee980c89e9434327caa5,Cable Bicep Curl,Curl biceps poulie,FALSE,,6888d9706e86f456e1861e11,669c3609218324e0b7682a45,68b6de6cfefb7daba8c16c98,,82
TRUE,https://static.strengthlevel.com/images/exercises/incline-dumbbell-curl/icons/incline-dumbbell-curl-icon-128.webp,669cee980c89e9434327caa5,Incline Dumbbell Curl,Curl haltères incliné,FALSE,,6888d9706e86f456e1861e11,669c3609218324e0b7682aaa,669c3609218324e0b7682a82,,75
TRUE,https://static.strengthlevel.com/images/exercises/seated-calf-raise/icons/seated-calf-raise-icon-128.webp,669cee980c89e9434327caa6,Seated Calf Raise,Extension mollets assis,FALSE,,669c3609218324e0b7682b73,677e95416294b680edf9762d,669c3609218324e0b7682a4c,,78
TRUE,https://static.strengthlevel.com/images/exercises/close-grip-lat-pulldown/icons/close-grip-lat-pulldown-icon-128.webp,669cee980c89e9434327caa5,Close Grip Lat Pulldown,Tirage vertical prise serrée,FALSE,,669ced7e665a3ffe7771436f,691ae7459c28bf0f3ee1234d,,,75
TRUE,https://static.strengthlevel.com/images/exercises/upright-row/icons/upright-row-icon-128.webp,669cee980c89e9434327caa5,Upright Row,Rowing vertical,FALSE,,669ced7e665a3ffe7771436c,6918f0676f9c2c0bb57e9002,,,60
TRUE,https://static.strengthlevel.com/images/exercises/vertical-leg-press/icons/vertical-leg-press-icon-128.webp,669cee980c89e9434327caa6,Vertical Leg Press,Presse verticale,FALSE,,669c3609218324e0b7682b76,669c3609218324e0b7682a47,6918f0676f9c2c0bb57e9002,,40
TRUE,https://static.strengthlevel.com/images/exercises/machine-bicep-curl/icons/machine-bicep-curl-icon-128.webp,669cee980c89e9434327caa5,Machine Bicep Curl,Curl biceps machine,FALSE,,6888d9706e86f456e1861e11,669c3609218324e0b7682a45,669c3609218324e0b7682aba,,70
TRUE,https://static.strengthlevel.com/images/exercises/machine-seated-crunch/icons/machine-seated-crunch-icon-128.webp,669cee980c89e9434327caaa,Machine Seated Crunch,Crunchs assis machine,FALSE,,669ced7e665a3ffe7771439a,669c3609218324e0b7682a4c,669c3609218324e0b7682aba,,65
TRUE,https://static.strengthlevel.com/images/exercises/jumping-jack/icons/jumping-jack-icon-128.webp,669cee980c89e9434327caac,Jumping Jack,Jumping Jack,FALSE,,,,,,90
TRUE,https://static.strengthlevel.com/images/exercises/cable-lateral-raise/icons/cable-lateral-raise-icon-128.webp,669cee980c89e9434327caa5,Cable Lateral Raise,Élévations latérales poulie,FALSE,,669c3609218324e0b7682b71,66cc8e8f148b9943caa05cec,68b6de6cfefb7daba8c16c98,,75
TRUE,https://static.strengthlevel.com/images/exercises/zercher-squat/icons/zercher-squat-icon-128.webp,669cee980c89e9434327caa6,Zercher Squat,Squat Zercher,FALSE,,669ced7e665a3ffe77714374,669c3609218324e0b7682af2,,,20
TRUE,https://static.strengthlevel.com/images/exercises/arnold-press/icons/arnold-press-icon-128.webp,669cee980c89e9434327caa5,Arnold Press,Développé Arnold,FALSE,,669c3609218324e0b7682b76,6874f326b79a2cda10d2917d,,,68
TRUE,https://static.strengthlevel.com/images/exercises/stiff-leg-deadlift/icons/stiff-leg-deadlift-icon-128.webp,669cee980c89e9434327caa6,Stiff Leg Deadlift,Soulevé de terre jambes tendues,FALSE,,669ced7e665a3ffe77714375,669c3609218324e0b7682a5a,,,65
TRUE,https://static.strengthlevel.com/images/exercises/incline-dumbbell-fly/icons/incline-dumbbell-fly-icon-128.webp,669cee980c89e9434327caa5,Incline Dumbbell Fly,Écarté incliné haltères,FALSE,,669ced7e665a3ffe77714368,669c3609218324e0b7682a82,669c3609218324e0b7682aaa,,60
TRUE,https://static.strengthlevel.com/images/exercises/dumbbell-reverse-fly/icons/dumbbell-reverse-fly-icon-128.webp,669cee980c89e9434327caa5,Dumbbell Reverse Fly,Élévations postérieures haltères,FALSE,,669ced7e665a3ffe77714372,669c3609218324e0b7682aaa,,,65
TRUE,https://static.strengthlevel.com/images/exercises/hang-clean/icons/hang-clean-icon-128.webp,669cee980c89e9434327caad,Hang Clean,Épaulé depuis les cuisses,FALSE,,669ced7e665a3ffe777143bc,669c3609218324e0b7682a98,,,35
TRUE,https://static.strengthlevel.com/images/exercises/dumbbell-concentration-curl/icons/dumbbell-concentration-curl-icon-128.webp,669cee980c89e9434327caa5,Dumbbell Concentration Curl,Curl concentration haltères,FALSE,,6888d9706e86f456e1861e11,669c3609218324e0b7682aed,669c3609218324e0b7682aaa,,70
TRUE,https://static.strengthlevel.com/images/exercises/decline-push-up/icons/decline-push-up-icon-128.webp,669cee980c89e9434327caa7,Decline Push Up,Pompes déclinées,FALSE,,669ced7e665a3ffe7771437a,669c3609218324e0b7682a83,,,60
TRUE,https://static.strengthlevel.com/images/exercises/cable-crunch/icons/cable-crunch-icon-128.webp,669cee980c89e9434327caaa,Cable Crunch,Crunchs poulie,FALSE,,669ced7e665a3ffe7771439a,68b6de6cfefb7daba8c16c98,,,75
TRUE,https://static.strengthlevel.com/images/exercises/dumbbell-front-raise/icons/dumbbell-front-raise-icon-128.webp,669cee980c89e9434327caa5,Dumbbell Front Raise,Élévations frontales haltères,FALSE,,669c3609218324e0b7682b71,691b33ba9c28bf0f3ee12357,669c3609218324e0b7682aaa,,78
TRUE,https://static.strengthlevel.com/images/exercises/back-extension/icons/back-extension-icon-128.webp,669cee980c89e9434327caaa,Back Extension,Extensions lombaires,FALSE,,669c3609218324e0b7682b73,669c3609218324e0b7682a46,,,60
TRUE,https://static.strengthlevel.com/images/exercises/one-arm-pull-ups/icons/one-arm-pull-ups-icon-128.webp,669cee980c89e9434327caa7,One Arm Pull Ups,Tractions à un bras,FALSE,,691ae56e9c28bf0f3ee1234c,669ced7e665a3ffe77714379,,,15
TRUE,https://static.strengthlevel.com/images/exercises/tricep-extension/icons/tricep-extension-icon-128.webp,669cee980c89e9434327caa5,Bar Tricep Extension,Extension triceps à la barre,FALSE,,669c3609218324e0b7682b73,669c3609218324e0b7682a44,669c3609218324e0b7682aa0,,60
TRUE,https://static.strengthlevel.com/images/exercises/seated-dip-machine/icons/seated-dip-machine-icon-128.webp,669cee980c89e9434327caa5,Seated Dip Machine,Dips assis machine,FALSE,,669ced7e665a3ffe7771437b,669c3609218324e0b7682a4c,669ced7e665a3ffe7771437b,,55
TRUE,https://static.strengthlevel.com/images/exercises/good-morning/icons/good-morning-icon-128.webp,669cee980c89e9434327caaa,Good Morning,Good morning,TRUE,669ced7e665a3ffe77714396,,,,,40
TRUE,https://static.strengthlevel.com/images/exercises/floor-press/icons/floor-press-icon-128.webp,669cee980c89e9434327caa5,Floor Press,Développé au sol,FALSE,,669ced7e665a3ffe77714367,669c3609218324e0b7682a97,,,30
TRUE,https://static.strengthlevel.com/images/exercises/dumbbell-pullover/icons/dumbbell-pullover-icon-128.webp,669cee980c89e9434327caa5,Dumbbell Pullover,Pull-over haltères,FALSE,,669ced7e665a3ffe77714371,669c3609218324e0b7682aaa,,,55
TRUE,https://static.strengthlevel.com/images/exercises/hip-abduction/icons/hip-abduction-icon-128.webp,669cee980c89e9434327caa6,Hip Abduction,Abduction de hanche,FALSE,,669c3609218324e0b7682b75,669c3609218324e0b7682a48,,,70
TRUE,https://static.strengthlevel.com/images/exercises/cable-fly/icons/cable-fly-icon-128.webp,669cee980c89e9434327caa5,Cable Fly,Écarté poulie,FALSE,,669ced7e665a3ffe77714368,68b6de6cfefb7daba8c16c98,,,75
TRUE,https://static.strengthlevel.com/images/exercises/lunge/icons/lunge-icon-128.webp,669cee980c89e9434327caa6,Lunge,Fentes,TRUE,669ced7e665a3ffe77714376,,,,,85
TRUE,https://static.strengthlevel.com/images/exercises/single-leg-squat/icons/single-leg-squat-icon-128.webp,669cee980c89e9434327caa6,Single Leg Squat,Squat à une jambe,FALSE,,669ced7e665a3ffe77714374,669c3609218324e0b7682b2e,,,40
TRUE,https://static.strengthlevel.com/images/exercises/dumbbell-floor-press/icons/dumbbell-floor-press-icon-128.webp,669cee980c89e9434327caa5,Dumbbell Floor Press,Développé au sol haltères,FALSE,,669ced7e665a3ffe77714367,669c3609218324e0b7682a97,669c3609218324e0b7682aaa,,35
TRUE,https://static.strengthlevel.com/images/exercises/barbell-lunge/icons/barbell-lunge-icon-128.webp,669cee980c89e9434327caa6,Barbell Lunge,Fentes barre,FALSE,,669ced7e665a3ffe77714376,669c3609218324e0b7682aa0,,,60
TRUE,https://static.strengthlevel.com/images/exercises/handstand-push-ups/icons/handstand-push-ups-icon-128.webp,669cee980c89e9434327caa7,Handstand Push Ups,Pompes en équilibre,FALSE,,669ced7e665a3ffe77714386,669c3609218324e0b7682b34,,,35
TRUE,https://static.strengthlevel.com/images/exercises/dumbbell-squat/icons/dumbbell-squat-icon-128.webp,669cee980c89e9434327caa6,Dumbbell Squat,Squat haltères,FALSE,,669ced7e665a3ffe77714374,669c3609218324e0b7682aaa,,,75
TRUE,https://static.strengthlevel.com/images/exercises/thruster/icons/thruster-icon-128.webp,669cee980c89e9434327caa6,Thruster,Thruster,FALSE,,,,,,50
TRUE,https://static.strengthlevel.com/images/exercises/burpees/icons/burpees-icon-128.webp,669cee980c89e9434327caac,Burpees,Burpees,TRUE,669ced7e665a3ffe777143ac,,,,,90
TRUE,https://static.strengthlevel.com/images/exercises/barbell-calf-raise/icons/barbell-calf-raise-icon-128.webp,669cee980c89e9434327caa6,Barbell Calf Raise,Extension Mollets barre,FALSE,,669c3609218324e0b7682b73,677e95416294b680edf9762d,669c3609218324e0b7682aa0,,60
TRUE,https://static.strengthlevel.com/images/exercises/face-pull/icons/face-pull-icon-128.webp,669cee980c89e9434327caa5,Face Pull,Tirage visage,TRUE,669ced7e665a3ffe7771436e,,,,,78
TRUE,https://static.strengthlevel.com/images/exercises/close-grip-push-up/icons/close-grip-push-up-icon-128.webp,669cee980c89e9434327caa7,Close Grip Push Up,Pompes prise serrée,FALSE,,669ced7e665a3ffe7771437a,691ae7459c28bf0f3ee1234d,,,65
TRUE,https://static.strengthlevel.com/images/exercises/bodyweight-calf-raise/icons/bodyweight-calf-raise-icon-128.webp,669cee980c89e9434327caa6,Bodyweight Calf Raise,Extensions mollets,FALSE,,669c3609218324e0b7682b73,677e95416294b680edf9762d,,,80
TRUE,https://static.strengthlevel.com/images/exercises/wrist-curl/icons/wrist-curl-icon-128.webp,669cee980c89e9434327caa5,Wrist Curl,Curl poignets,FALSE,,6888d9706e86f456e1861e11,691b3b709c28bf0f3ee1235a,,,40
TRUE,https://static.strengthlevel.com/images/exercises/overhead-squat/icons/overhead-squat-icon-128.webp,669cee980c89e9434327caa6,Overhead Squat,Squat overhead,FALSE,,669ced7e665a3ffe77714374,669c3609218324e0b7682b64,,,35
TRUE,https://static.strengthlevel.com/images/exercises/russian-twist/icons/russian-twist-icon-128.webp,669cee980c89e9434327caaa,Russian Twist,Russian Twist,TRUE,669ced7e665a3ffe777143a3,,,,,75
TRUE,https://static.strengthlevel.com/images/exercises/decline-sit-up/icons/decline-sit-up-icon-128.webp,669cee980c89e9434327caaa,Decline Sit Up,Relevés de buste déclinés,FALSE,,669ced7e665a3ffe7771439b,669c3609218324e0b7682a83,,,50
TRUE,https://static.strengthlevel.com/images/exercises/lying-leg-raise/icons/lying-leg-raise-icon-128.webp,669cee980c89e9434327caaa,Lying Leg Raise,Relevés de jambes allongé,FALSE,,,,,,70
TRUE,https://static.strengthlevel.com/images/exercises/lying-dumbbell-tricep-extension/icons/lying-dumbbell-tricep-extension-icon-128.webp,669cee980c89e9434327caa5,Lying Dumbbell Tricep Extension,Extension triceps allongé haltères,FALSE,,669c3609218324e0b7682b73,669c3609218324e0b7682a44,669c3609218324e0b7682a4d,669c3609218324e0b7682aaa,65
TRUE,https://static.strengthlevel.com/images/exercises/glute-bridge/icons/glute-bridge-icon-128.webp,669cee980c89e9434327caa6,Glute Bridge,Pont fessier,FALSE,,677e95e46294b680edf97630,669ced7e665a3ffe77714378,,,70
TRUE,https://static.strengthlevel.com/images/exercises/paused-bench-press/icons/paused-bench-press-icon-128.webp,669cee980c89e9434327caa5,Paused Bench Press,Développé couché avec pause,FALSE,,669ced7e665a3ffe77714367,669c3609218324e0b7682b13,,,40
TRUE,https://static.strengthlevel.com/images/exercises/power-snatch/icons/power-snatch-icon-128.webp,669cee980c89e9434327caad,Power Snatch,Arraché explosif,FALSE,,669ced7e665a3ffe777143bb,66cc8e26148b9943caa05ce7,,,30
TRUE,https://static.strengthlevel.com/images/exercises/bench-dips/icons/bench-dips-icon-128.webp,669cee980c89e9434327caa7,Bench Dips,Dips sur banc,FALSE,,669ced7e665a3ffe7771437b,669c3609218324e0b7682a4f,,,80
TRUE,https://static.strengthlevel.com/images/exercises/behind-the-neck-press/icons/behind-the-neck-press-icon-128.webp,669cee980c89e9434327caa5,Behind The Neck Press,Développé nuque,FALSE,,669c3609218324e0b7682b76,691b3d129c28bf0f3ee1235b,,,30
TRUE,https://static.strengthlevel.com/images/exercises/split-squat/icons/split-squat-icon-128.webp,669cee980c89e9434327caa6,Split Squat,Fente statique,FALSE,,669ced7e665a3ffe77714374,669ced7e665a3ffe77714376,,,60
TRUE,https://static.strengthlevel.com/images/exercises/cable-reverse-fly/icons/cable-reverse-fly-icon-128.webp,669cee980c89e9434327caa5,Cable Reverse Fly,Élévations postérieures poulie,FALSE,,669ced7e665a3ffe77714372,68b6de6cfefb7daba8c16c98,,,65
TRUE,https://static.strengthlevel.com/images/exercises/machine-reverse-fly/icons/machine-reverse-fly-icon-128.webp,669cee980c89e9434327caa5,Machine Reverse Fly,Élévations postérieures machine,FALSE,,669ced7e665a3ffe77714372,669c3609218324e0b7682aba,,,70
TRUE,https://static.strengthlevel.com/images/exercises/cable-overhead-tricep-extension/icons/cable-overhead-tricep-extension-icon-128.webp,669cee980c89e9434327caa5,Cable Overhead Tricep Extension,Extension triceps au dessus de la tête poulie,FALSE,,669c3609218324e0b7682b73,669c3609218324e0b7682a44,669c3609218324e0b7682b64,68b6de6cfefb7daba8c16c98,75
TRUE,https://static.strengthlevel.com/images/exercises/dumbbell-deadlift/icons/dumbbell-deadlift-icon-128.webp,669cee980c89e9434327caa6,Dumbbell Deadlift,Soulevé de terre haltères,FALSE,,669ced7e665a3ffe77714375,669c3609218324e0b7682aaa,,,65
TRUE,https://static.strengthlevel.com/images/exercises/push-jerk/icons/push-jerk-icon-128.webp,669cee980c89e9434327caad,Push Jerk,Epaulé-jeté poussé,FALSE,,669ced7e665a3ffe777143be,691c709c9c28bf0f3ee12368,,,30
TRUE,https://static.strengthlevel.com/images/exercises/dumbbell-calf-raise/icons/dumbbell-calf-raise-icon-128.webp,669cee980c89e9434327caa6,Dumbbell Calf Raise,Extension mollets haltères,FALSE,,669c3609218324e0b7682b73,677e95416294b680edf9762d,669c3609218324e0b7682aaa,,60
TRUE,https://static.strengthlevel.com/images/exercises/squat-jump/icons/squat-jump-icon-128.webp,669cee980c89e9434327caa6,Squat Jump,Squat sauté,FALSE,,669ced7e665a3ffe77714374,669c3609218324e0b7682b46,,,65
TRUE,https://static.strengthlevel.com/images/exercises/sissy-squat/icons/sissy-squat-icon-128.webp,669cee980c89e9434327caa6,Sissy Squat,Squat sissy,FALSE,,669ced7e665a3ffe77714374,669c3609218324e0b7682b07,,,25
TRUE,https://static.strengthlevel.com/images/exercises/reverse-barbell-curl/icons/reverse-barbell-curl-icon-128.webp,669cee980c89e9434327caa5,Reverse Barbell Curl,Curl inversé barre,FALSE,,6888d9706e86f456e1861e11,669c3609218324e0b7682ae3,669c3609218324e0b7682aa0,,45
TRUE,https://static.strengthlevel.com/images/exercises/dumbbell-tricep-kickback/icons/dumbbell-tricep-kickback-icon-128.webp,669cee980c89e9434327caa5,Dumbbell Tricep Kickback,Extension triceps haltères kickback,FALSE,,669c3609218324e0b7682b73,669c3609218324e0b7682a44,669c3609218324e0b7682aaa,691b43c19c28bf0f3ee1235d,60
TRUE,https://static.strengthlevel.com/images/exercises/decline-dumbbell-bench-press/icons/decline-dumbbell-bench-press-icon-128.webp,669cee980c89e9434327caa5,Decline Dumbbell Bench Press,Développé décliné haltères,FALSE,,669ced7e665a3ffe77714367,669c3609218324e0b7682a83,669c3609218324e0b7682aaa,,30
TRUE,https://static.strengthlevel.com/images/exercises/close-grip-dumbbell-bench-press/icons/close-grip-dumbbell-bench-press-icon-128.webp,669cee980c89e9434327caa5,Close Grip Dumbbell Bench Press,Développé couché haltères prise serrée,FALSE,,669ced7e665a3ffe77714367,669c3609218324e0b7682aaa,691ae7459c28bf0f3ee1234d,,50
TRUE,https://static.strengthlevel.com/images/exercises/reverse-grip-lat-pulldown/icons/reverse-grip-lat-pulldown-icon-128.webp,669cee980c89e9434327caa5,Reverse Grip Lat Pulldown,Tirage vertical prise inversée,FALSE,,669ced7e665a3ffe7771436f,691b44d99c28bf0f3ee1235e,,,55
TRUE,https://static.strengthlevel.com/images/exercises/sled-press-calf-raise/icons/sled-press-calf-raise-icon-128.webp,669cee980c89e9434327caa6,Sled Press Calf Raise,Extension mollets presse inclinée,FALSE,,669c3609218324e0b7682b73,677e95416294b680edf9762d,669c3609218324e0b7682b76,669c3609218324e0b7682a82,50
TRUE,https://static.strengthlevel.com/images/exercises/single-leg-press/icons/single-leg-press-icon-128.webp,669cee980c89e9434327caa6,Single Leg Press,Presse à une jambe,FALSE,,669c3609218324e0b7682a47,669c3609218324e0b7682b76,669c3609218324e0b7682b2e,,55
TRUE,https://static.strengthlevel.com/images/exercises/incline-push-up/icons/incline-push-up-icon-128.webp,669cee980c89e9434327caa7,Incline Push Up,Pompes inclinées,FALSE,,669ced7e665a3ffe7771437a,669ced7e665a3ffe7771437a,,,60
TRUE,https://static.strengthlevel.com/images/exercises/barbell-reverse-lunge/icons/barbell-reverse-lunge-icon-128.webp,669cee980c89e9434327caa6,Barbell Reverse Lunge,Fentes inversées barre,FALSE,,669ced7e665a3ffe77714376,669c3609218324e0b7682ae3,669c3609218324e0b7682aa0,,50
TRUE,https://static.strengthlevel.com/images/exercises/belt-squat/icons/belt-squat-icon-128.webp,669cee980c89e9434327caa6,Belt Squat,Squat ceinture,FALSE,,,,,,20
TRUE,https://static.strengthlevel.com/images/exercises/barbell-glute-bridge/icons/barbell-glute-bridge-icon-128.webp,669cee980c89e9434327caa6,Barbell Glute Bridge,Pont fessier barre,FALSE,,677e95e46294b680edf97630,669ced7e665a3ffe77714378,669c3609218324e0b7682aa0,,55
TRUE,https://static.strengthlevel.com/images/exercises/reverse-grip-bench-press/icons/reverse-grip-bench-press-icon-128.webp,669cee980c89e9434327caa5,Reverse Grip Bench Press,Développé couché prise inversée,FALSE,,669ced7e665a3ffe77714367,691b44d99c28bf0f3ee1235e,,,30
TRUE,https://static.strengthlevel.com/images/exercises/reverse-lunge/icons/reverse-lunge-icon-128.webp,669cee980c89e9434327caa6,Reverse Lunge,Fentes inversées,FALSE,,669ced7e665a3ffe77714376,669c3609218324e0b7682ae3,,,65
TRUE,https://static.strengthlevel.com/images/exercises/standing-leg-curl/icons/standing-leg-curl-icon-128.webp,669cee980c89e9434327caa5,Standing Leg Curl,Curl jambe debout,FALSE,,6888d9706e86f456e1861e11,669c3609218324e0b7682a47,669c3609218324e0b7682a4b,,45
TRUE,https://static.strengthlevel.com/images/exercises/cable-pull-through/icons/cable-pull-through-icon-128.webp,669cee980c89e9434327caa5,Cable Pull Through,Tirage poulie,FALSE,,669ced7e665a3ffe7771436c,,,,40
TRUE,https://static.strengthlevel.com/images/exercises/landmine-squat/icons/landmine-squat-icon-128.webp,669cee980c89e9434327caa6,Landmine Squat,Squat landmine,FALSE,,669ced7e665a3ffe77714374,691aff299c28bf0f3ee12352,,,35
TRUE,https://static.strengthlevel.com/images/exercises/one-arm-dumbbell-preacher-curl/icons/one-arm-dumbbell-preacher-curl-icon-128.webp,669cee980c89e9434327caa5,One Arm Dumbbell Preacher Curl,Curl pupitre un bras haltères,FALSE,,6888d9706e86f456e1861e11,669c3609218324e0b7682a57,691ae56e9c28bf0f3ee1234c,669c3609218324e0b7682aaa,45
TRUE,https://static.strengthlevel.com/images/exercises/straight-arm-pulldown/icons/straight-arm-pulldown-icon-128.webp,669cee980c89e9434327caa5,Straight Arm Pulldown,Tirage bras tendus,FALSE,,669ced7e665a3ffe7771436c,,,,60
TRUE,https://static.strengthlevel.com/images/exercises/safety-bar-squat/icons/safety-bar-squat-icon-128.webp,669cee980c89e9434327caa6,Safety Bar Squat,Squat safety bar,FALSE,,669ced7e665a3ffe77714374,669c3609218324e0b7682aa8,,,25
TRUE,https://static.strengthlevel.com/images/exercises/deficit-deadlift/icons/deficit-deadlift-icon-128.webp,669cee980c89e9434327caa6,Deficit Deadlift,Soulevé de terre pieds surélevés,FALSE,,669ced7e665a3ffe77714375,669c3609218324e0b7682a70,,,30
TRUE,https://static.strengthlevel.com/images/exercises/dumbbell-upright-row/icons/dumbbell-upright-row-icon-128.webp,669cee980c89e9434327caa5,Dumbbell Upright Row,Rowing vertical haltères,FALSE,,669ced7e665a3ffe7771436c,6918f0676f9c2c0bb57e9002,669c3609218324e0b7682aaa,,50
TRUE,https://static.strengthlevel.com/images/exercises/dumbbell-wrist-curl/icons/dumbbell-wrist-curl-icon-128.webp,669cee980c89e9434327caa5,Dumbbell Wrist Curl,Curl poignets haltères,FALSE,,6888d9706e86f456e1861e11,691b3b709c28bf0f3ee1235a,669c3609218324e0b7682aaa,,35
TRUE,https://static.strengthlevel.com/images/exercises/strict-curl/icons/strict-curl-icon-128.webp,669cee980c89e9434327caa5,Strict Curl,Curl strict,FALSE,,6888d9706e86f456e1861e11,669c3609218324e0b7682ae4,,,25
TRUE,https://static.strengthlevel.com/images/exercises/snatch-deadlift/icons/snatch-deadlift-icon-128.webp,669cee980c89e9434327caa6,Snatch Deadlift,Soulevé de terre arraché,TRUE,669ced7e665a3ffe777143bd,,,,,15
TRUE,https://static.strengthlevel.com/images/exercises/machine-back-extension/icons/machine-back-extension-icon-128.webp,669cee980c89e9434327caaa,Machine Back Extension,Extensions lombaire machine,FALSE,,669c3609218324e0b7682b73,669c3609218324e0b7682a46,669c3609218324e0b7682aba,,65
TRUE,https://static.strengthlevel.com/images/exercises/decline-crunch/icons/decline-crunch-icon-128.webp,669cee980c89e9434327caaa,Decline Crunch,Crunchs déclinés,FALSE,,669ced7e665a3ffe7771439a,669c3609218324e0b7682a83,,,50
TRUE,https://static.strengthlevel.com/images/exercises/sumo-squat/icons/sumo-squat-icon-128.webp,669cee980c89e9434327caa6,Sumo Squat,Squat sumo,FALSE,,669ced7e665a3ffe77714374,669c3609218324e0b7682af1,,,60
TRUE,https://static.strengthlevel.com/images/exercises/hang-power-clean/icons/hang-power-clean-icon-128.webp,669cee980c89e9434327caad,Hang Power Clean,Épaulé explosif depuis les cuisses,FALSE,,669ced7e665a3ffe777143bc,669c3609218324e0b7682a98,66cc8e26148b9943caa05ce7,,35
TRUE,https://static.strengthlevel.com/images/exercises/pause-deadlift/icons/pause-deadlift-icon-128.webp,669cee980c89e9434327caa6,Pause Deadlift,Soulevé de terre avec pause,FALSE,,669ced7e665a3ffe77714375,669c3609218324e0b7682b13,,,25
TRUE,https://static.strengthlevel.com/images/exercises/one-arm-cable-bicep-curl/icons/one-arm-cable-bicep-curl-icon-128.webp,669cee980c89e9434327caa5,One Arm Cable Bicep Curl,Curl biceps un bras poulie,FALSE,,6888d9706e86f456e1861e11,669c3609218324e0b7682a45,68b6de6cfefb7daba8c16c98,691ae56e9c28bf0f3ee1234c,45
TRUE,https://static.strengthlevel.com/images/exercises/single-leg-romanian-deadlift/icons/single-leg-romanian-deadlift-icon-128.webp,669cee980c89e9434327caa6,Single Leg Romanian Deadlift,Soulevé de terre roumain une jambe,FALSE,,669ced7e665a3ffe77714375,6918eb886f9c2c0bb57e8ffd,669c3609218324e0b7682b2e,,50
TRUE,https://static.strengthlevel.com/images/exercises/barbell-hack-squat/icons/barbell-hack-squat-icon-128.webp,669cee980c89e9434327caa6,Barbell Hack Squat,Hack squat barre,FALSE,,688783fd6e86f456e1861dde,669c3609218324e0b7682aa0,,,20
TRUE,https://static.strengthlevel.com/images/exercises/bench-pull/icons/bench-pull-icon-128.webp,669cee980c89e9434327caa5,Bench Pull,Rowing barre sur banc,FALSE,,669ced7e665a3ffe7771436c,669c3609218324e0b7682aa0,669c3609218324e0b7682a4f,,30
TRUE,https://static.strengthlevel.com/images/exercises/machine-tricep-extension/icons/machine-tricep-extension-icon-128.webp,669cee980c89e9434327caa5,Machine Tricep Extension,Extension triceps machine,FALSE,,669c3609218324e0b7682b73,669c3609218324e0b7682a44,669c3609218324e0b7682aba,,65
TRUE,https://static.strengthlevel.com/images/exercises/side-lunge/icons/side-lunge-icon-128.webp,669cee980c89e9434327caa6,Side Lunge,Fentes latérales,FALSE,,669ced7e665a3ffe77714376,66cc8e8f148b9943caa05cec,,,55
TRUE,https://static.strengthlevel.com/images/exercises/jefferson-deadlift/icons/jefferson-deadlift-icon-128.webp,669cee980c89e9434327caa6,Jefferson Deadlift,Soulevé de terre Jefferson,FALSE,,669ced7e665a3ffe77714375,691b25ce9c28bf0f3ee12353,,,5
TRUE,https://static.strengthlevel.com/images/exercises/bicycle-crunch/icons/bicycle-crunch-icon-128.webp,669cee980c89e9434327caaa,Bicycle Crunch,Crunchs vélo,TRUE,669ced7e665a3ffe77714397,,,,,75
TRUE,https://static.strengthlevel.com/images/exercises/reverse-wrist-curl/icons/reverse-wrist-curl-icon-128.webp,669cee980c89e9434327caa5,Reverse Wrist Curl,Curl poignets inversé,FALSE,,6888d9706e86f456e1861e11,691b3b709c28bf0f3ee1235a,669c3609218324e0b7682ae3,,25
TRUE,https://static.strengthlevel.com/images/exercises/seated-dumbbell-tricep-extension/icons/seated-dumbbell-tricep-extension-icon-128.webp,669cee980c89e9434327caa5,Seated Dumbbell Tricep Extension,Extension triceps assis haltères,FALSE,,669c3609218324e0b7682b73,669c3609218324e0b7682a44,669c3609218324e0b7682a4c,669c3609218324e0b7682aaa,65
TRUE,https://static.strengthlevel.com/images/exercises/pin-squat/icons/pin-squat-icon-128.webp,669cee980c89e9434327caa6,Pin Squat,Squat goupilles,FALSE,,669ced7e665a3ffe77714374,669c3609218324e0b7682abf,,,15
TRUE,https://static.strengthlevel.com/images/exercises/side-crunch/icons/side-crunch-icon-128.webp,669cee980c89e9434327caaa,Side Crunch,Crunchs latéraux,FALSE,,669ced7e665a3ffe7771439a,66cc8e8f148b9943caa05cec,,,50
TRUE,https://static.strengthlevel.com/images/exercises/yates-row/icons/yates-row-icon-128.webp,669cee980c89e9434327caa5,Yates Row,Rowing Yates,FALSE,,669ced7e665a3ffe7771436c,691c90a09c28bf0f3ee12370,,,30
TRUE,https://static.strengthlevel.com/images/exercises/pause-squat/icons/pause-squat-icon-128.webp,669cee980c89e9434327caa6,Pause Squat,Squat avec pause,FALSE,,669ced7e665a3ffe77714374,669c3609218324e0b7682b13,,,30
TRUE,https://static.strengthlevel.com/images/exercises/inverted-row/icons/inverted-row-icon-128.webp,669cee980c89e9434327caa5,Inverted Row,Rowing inversé,FALSE,,669ced7e665a3ffe7771436c,669c3609218324e0b7682ae3,,,55
TRUE,https://static.strengthlevel.com/images/exercises/hex-bar-shrug/icons/hex-bar-shrug-icon-128.webp,669cee980c89e9434327caa5,Hex Bar Shrug,Shrug barre hexagonale,FALSE,,669ced7e665a3ffe7771436b,669c3609218324e0b7682aa7,,,40
TRUE,https://static.strengthlevel.com/images/exercises/single-leg-dumbbell-deadlift/icons/single-leg-dumbbell-deadlift-icon-128.webp,669cee980c89e9434327caa6,Single Leg Dumbbell Deadlift,Soulevé de terre une jambe haltères,FALSE,,669ced7e665a3ffe77714375,669c3609218324e0b7682b2e,669c3609218324e0b7682aaa,,45
TRUE,https://static.strengthlevel.com/images/exercises/smith-machine-shrug/icons/smith-machine-shrug-icon-128.webp,669cee980c89e9434327caa5,Smith Machine Shrug,Shrug barre guidée,FALSE,,669ced7e665a3ffe7771436b,669c3609218324e0b7682ab9,,,50
TRUE,https://static.strengthlevel.com/images/exercises/barbell-front-raise/icons/barbell-front-raise-icon-128.webp,669cee980c89e9434327caa5,Barbell Front Raise,Élévations frontales barre,FALSE,,669c3609218324e0b7682b71,691b33ba9c28bf0f3ee12357,669c3609218324e0b7682aa0,,45
TRUE,https://static.strengthlevel.com/images/exercises/machine-lateral-raise/icons/machine-lateral-raise-icon-128.webp,669cee980c89e9434327caa5,Machine Lateral Raise,Élévations latérales machine,FALSE,,669c3609218324e0b7682b71,66cc8e8f148b9943caa05cec,669c3609218324e0b7682aba,,60
TRUE,https://static.strengthlevel.com/images/exercises/half-squat/icons/half-squat-icon-128.webp,669cee980c89e9434327caa6,Half Squat,Demi-squat,FALSE,,669ced7e665a3ffe77714374,669c3609218324e0b7682b22,,,40
TRUE,https://static.strengthlevel.com/images/exercises/dumbbell-side-bend/icons/dumbbell-side-bend-icon-128.webp,669cee980c89e9434327caa5,Dumbbell Side Bend,Flexions latérales haltères,FALSE,,669ced7e665a3ffe777143a8,669c3609218324e0b7682aaa,,,55
TRUE,https://static.strengthlevel.com/images/exercises/split-jerk/icons/split-jerk-icon-128.webp,669cee980c89e9434327caad,Split Jerk,Jeté fente,FALSE,,669ced7e665a3ffe77714376,669ced7e665a3ffe777143be,,,35
TRUE,https://static.strengthlevel.com/images/exercises/log-press/icons/log-press-icon-128.webp,669cee980c89e9434327caa5,Log Press,Développé log,FALSE,,669c3609218324e0b7682b76,669c3609218324e0b7682ac6,,,15
TRUE,https://static.strengthlevel.com/images/exercises/bench-pin-press/icons/bench-pin-press-icon-128.webp,669cee980c89e9434327caa5,Bench Pin Press,Développé couché goupilles,FALSE,,669ced7e665a3ffe77714367,669c3609218324e0b7682abf,,,15
TRUE,https://static.strengthlevel.com/images/exercises/barbell-power-shrug/icons/barbell-power-shrug-icon-128.webp,669cee980c89e9434327caa5,Barbell Power Shrug,Shrug explosif barre,FALSE,,669ced7e665a3ffe7771436b,66cc8e26148b9943caa05ce7,669c3609218324e0b7682aa0,,45
TRUE,https://static.strengthlevel.com/images/exercises/jm-press/icons/jm-press-icon-128.webp,669cee980c89e9434327caa5,JM Press,Développé JM,FALSE,,669ced7e665a3ffe77714367,691c74249c28bf0f3ee12369,,,20
TRUE,https://static.strengthlevel.com/images/exercises/behind-the-back-barbell-shrug/icons/behind-the-back-barbell-shrug-icon-128.webp,669cee980c89e9434327caa5,Behind The Back Barbell Shrug,Shrug barre derrière le dos,FALSE,,669ced7e665a3ffe7771436b,669c3609218324e0b7682aa0,691b320c9c28bf0f3ee12355,,20
TRUE,https://static.strengthlevel.com/images/exercises/ab-wheel-rollout/icons/ab-wheel-rollout-icon-128.webp,669cee980c89e9434327caaa,Ab Wheel Rollout,Roue abdominale,TRUE,669ced7e665a3ffe77714398,,,,,65
TRUE,https://static.strengthlevel.com/images/exercises/neck-curl/icons/neck-curl-icon-128.webp,669cee980c89e9434327caa5,Neck Curl,Curl cou,FALSE,,6888d9706e86f456e1861e11,691b3d129c28bf0f3ee1235b,,,10
TRUE,https://static.strengthlevel.com/images/exercises/clean-high-pull/icons/clean-high-pull-icon-128.webp,669cee980c89e9434327caa5,Clean High Pull,Tirage haut arraché,FALSE,,669ced7e665a3ffe777143bc,669ced7e665a3ffe7771436c,691b39a59c28bf0f3ee12359,,25
TRUE,https://static.strengthlevel.com/images/exercises/hanging-knee-raise/icons/hanging-knee-raise-icon-128.webp,669cee980c89e9434327caaa,Hanging Knee Raise,Relevés de genoux suspendu,TRUE,669ced7e665a3ffe7771439d,,,,,70
TRUE,https://static.strengthlevel.com/images/exercises/glute-kickback/icons/glute-kickback-icon-128.webp,669cee980c89e9434327caa6,Glute Kickback,Extension fessier,FALSE,,669c3609218324e0b7682b73,677e95e46294b680edf97630,,,65
TRUE,https://static.strengthlevel.com/images/exercises/behind-the-back-deadlift/icons/behind-the-back-deadlift-icon-128.webp,669cee980c89e9434327caa6,Behind The Back Deadlift,Soulevé de terre derrière le dos,FALSE,,669ced7e665a3ffe77714375,691b320c9c28bf0f3ee12355,,,5
TRUE,https://static.strengthlevel.com/images/exercises/clean-pull/icons/clean-pull-icon-128.webp,669cee980c89e9434327caa5,Clean Pull,Tirage épaulé,FALSE,,669ced7e665a3ffe777143bc,669ced7e665a3ffe7771436c,,,25
TRUE,https://static.strengthlevel.com/images/exercises/ring-dips/icons/ring-dips-icon-128.webp,669cee980c89e9434327caa7,Ring Dips,Dips anneaux,FALSE,,669ced7e665a3ffe7771437b,669c3609218324e0b7682ac0,,,45
TRUE,https://static.strengthlevel.com/images/exercises/wide-grip-bench-press/icons/wide-grip-bench-press-icon-128.webp,669cee980c89e9434327caa5,Wide Grip Bench Press,Développé couché prise large,FALSE,,669ced7e665a3ffe77714367,691ae78f9c28bf0f3ee1234e,,,50
TRUE,https://static.strengthlevel.com/images/exercises/jefferson-squat/icons/jefferson-squat-icon-128.webp,669cee980c89e9434327caa6,Jefferson Squat,Squat Jefferson,FALSE,,669ced7e665a3ffe77714374,691b25ce9c28bf0f3ee12353,,,5
TRUE,https://static.strengthlevel.com/images/exercises/hip-extension/icons/hip-extension-icon-128.webp,669cee980c89e9434327caa6,Hip Extension,Extension de hanche,FALSE,,669c3609218324e0b7682b73,669c3609218324e0b7682a48,,,50
TRUE,https://static.strengthlevel.com/images/exercises/squat-thrust/icons/squat-thrust-icon-128.webp,669cee980c89e9434327caa6,Squat Thrust,Squat thrust,FALSE,,,,,,45
TRUE,https://static.strengthlevel.com/images/exercises/single-leg-deadlift/icons/single-leg-deadlift-icon-128.webp,669cee980c89e9434327caa6,Single Leg Deadlift,Soulevé de terre une jambe,FALSE,,669ced7e665a3ffe77714375,669c3609218324e0b7682b2e,,,50
TRUE,https://static.strengthlevel.com/images/exercises/bent-over-dumbbell-row/icons/bent-over-dumbbell-row-icon-128.webp,669cee980c89e9434327caa5,Bent Over Dumbbell Row,Rowing penché haltères,FALSE,,669ced7e665a3ffe7771436c,669c3609218324e0b7682a84,,,70
TRUE,https://static.strengthlevel.com/images/exercises/pike-push-up/icons/pike-push-up-icon-128.webp,669cee980c89e9434327caa7,Pike Push Up,Pompes en V,FALSE,,669ced7e665a3ffe7771437a,669c3609218324e0b7682b00,,,45
TRUE,https://static.strengthlevel.com/images/exercises/viking-press/icons/viking-press-icon-128.webp,669cee980c89e9434327caa5,Viking Press,Développé Viking,FALSE,,669c3609218324e0b7682b76,691c84d49c28bf0f3ee1236a,,,10
TRUE,https://static.strengthlevel.com/images/exercises/walking-lunge/icons/walking-lunge-icon-128.webp,669cee980c89e9434327caa6,Walking Lunge,Fentes marchées,FALSE,,669ced7e665a3ffe77714376,691b46b29c28bf0f3ee12360,,,75
TRUE,https://static.strengthlevel.com/images/exercises/archer-push-ups/icons/archer-push-ups-icon-128.webp,669cee980c89e9434327caa7,Archer Push Ups,Pompes archer,FALSE,,669ced7e665a3ffe7771437a,691b3f6b9c28bf0f3ee1235c,,,30
TRUE,https://static.strengthlevel.com/images/exercises/reverse-grip-tricep-pushdown/icons/reverse-grip-tricep-pushdown-icon-128.webp,669cee980c89e9434327caa5,Reverse Grip Tricep Pushdown,Extension triceps prise inversée,FALSE,,669c3609218324e0b7682b73,669c3609218324e0b7682a44,691b44d99c28bf0f3ee1235e,,45
TRUE,https://static.strengthlevel.com/images/exercises/muscle-snatch/icons/muscle-snatch-icon-128.webp,669cee980c89e9434327caad,Muscle Snatch,Arraché strict,FALSE,,669ced7e665a3ffe777143bb,669c3609218324e0b7682ae4,,,20
TRUE,https://static.strengthlevel.com/images/exercises/glute-ham-raise/icons/glute-ham-raise-icon-128.webp,669cee980c89e9434327caa6,Glute Ham Raise,Extension fessiers ischio machine,FALSE,,669c3609218324e0b7682b73,677e95e46294b680edf97630,677e94e06294b680edf9762c,669c3609218324e0b7682aba,35
TRUE,https://static.strengthlevel.com/images/exercises/z-press/icons/z-press-icon-128.webp,669cee980c89e9434327caa5,Z Press,Développé Z,FALSE,,669c3609218324e0b7682b76,691c86df9c28bf0f3ee1236b,,,20
TRUE,https://static.strengthlevel.com/images/exercises/reverse-crunches/icons/reverse-crunches-icon-128.webp,669cee980c89e9434327caaa,Reverse Crunches,Crunchs inversés,FALSE,,669ced7e665a3ffe7771439a,669c3609218324e0b7682ae3,,,60
TRUE,https://static.strengthlevel.com/images/exercises/cheat-curl/icons/cheat-curl-icon-128.webp,669cee980c89e9434327caa5,Cheat Curl,Curl triché,FALSE,,6888d9706e86f456e1861e11,669c3609218324e0b7682ae5,,,35
TRUE,https://static.strengthlevel.com/images/exercises/close-grip-incline-bench-press/icons/close-grip-incline-bench-press-icon-128.webp,669cee980c89e9434327caa5,Close Grip Incline Bench Press,Développé incliné prise serrée,FALSE,,669ced7e665a3ffe77714367,669c3609218324e0b7682a82,691ae7459c28bf0f3ee1234d,,30
TRUE,https://static.strengthlevel.com/images/exercises/reverse-hyperextension/icons/reverse-hyperextension-icon-128.webp,669cee980c89e9434327caaa,Reverse Hyperextension,Hyperextensions inversées,TRUE,669ced7e665a3ffe777143a2,,,,,25
TRUE,https://static.strengthlevel.com/images/exercises/side-leg-raise/icons/side-leg-raise-icon-128.webp,669cee980c89e9434327caaa,Side Leg Raise,Relevés de jambes latéraux,FALSE,,,,,,55
TRUE,https://static.strengthlevel.com/images/exercises/shoulder-pin-press/icons/shoulder-pin-press-icon-128.webp,669cee980c89e9434327caa5,Shoulder Pin Press,Développé épaules goupilles,FALSE,,669c3609218324e0b7682b76,669c3609218324e0b7682a49,669c3609218324e0b7682abf,,10
TRUE,https://static.strengthlevel.com/images/exercises/zercher-deadlift/icons/zercher-deadlift-icon-128.webp,669cee980c89e9434327caa6,Zercher Deadlift,Soulevé de terre Zercher,FALSE,,669ced7e665a3ffe77714375,669c3609218324e0b7682af2,,,10
TRUE,https://static.strengthlevel.com/images/exercises/snatch-pull/icons/snatch-pull-icon-128.webp,669cee980c89e9434327caa5,Snatch Pull,Tirage arraché,FALSE,,669ced7e665a3ffe7771436c,669ced7e665a3ffe777143bb,,,20
TRUE,https://static.strengthlevel.com/images/exercises/nordic-hamstring-curl/icons/nordic-hamstring-curl-icon-128.webp,669cee980c89e9434327caa5,Nordic Hamstring Curl,Curl nordique,FALSE,,6888d9706e86f456e1861e11,669c3609218324e0b7682b06,,,35
TRUE,https://static.strengthlevel.com/images/exercises/cable-upright-row/icons/cable-upright-row-icon-128.webp,669cee980c89e9434327caa5,Cable Upright Row,Rowing vertical poulie,FALSE,,669ced7e665a3ffe7771436c,6918f0676f9c2c0bb57e9002,68b6de6cfefb7daba8c16c98,,50
TRUE,https://static.strengthlevel.com/images/exercises/barbell-pullover/icons/barbell-pullover-icon-128.webp,669cee980c89e9434327caa5,Barbell Pullover,Pull-over barre,FALSE,,669ced7e665a3ffe77714371,669c3609218324e0b7682aa0,,,30
TRUE,https://static.strengthlevel.com/images/exercises/machine-shrug/icons/machine-shrug-icon-128.webp,669cee980c89e9434327caa5,Machine Shrug,Shrug machine,FALSE,,669ced7e665a3ffe7771436b,669c3609218324e0b7682aba,,,55
TRUE,https://static.strengthlevel.com/images/exercises/toes-to-bar/icons/toes-to-bar-icon-128.webp,669cee980c89e9434327caaa,Toes To Bar,Relevés de jambes suspendu complets,TRUE,669ced7e665a3ffe7771439f,,,,,55
TRUE,https://static.strengthlevel.com/images/exercises/dumbbell-snatch/icons/dumbbell-snatch-icon-128.webp,669cee980c89e9434327caad,Dumbbell Snatch,Arraché haltères,FALSE,,669ced7e665a3ffe777143bb,669c3609218324e0b7682aaa,,,40
TRUE,https://static.strengthlevel.com/images/exercises/landmine-press/icons/landmine-press-icon-128.webp,669cee980c89e9434327caa5,Landmine Press,Développé landmine,FALSE,,669c3609218324e0b7682b76,691aff299c28bf0f3ee12352,,,45
TRUE,https://static.strengthlevel.com/images/exercises/incline-hammer-curl/icons/incline-hammer-curl-icon-128.webp,669cee980c89e9434327caa5,Incline Hammer Curl,Curl marteau incliné,FALSE,,6888d9706e86f456e1861e11,669c3609218324e0b7682a93,,,60
TRUE,https://static.strengthlevel.com/images/exercises/cable-kickback/icons/cable-kickback-icon-128.webp,669cee980c89e9434327caa6,Cable Kickback,Kickback fessier poulie,FALSE,,691b43c19c28bf0f3ee1235d,68b6de6cfefb7daba8c16c98,,,55
TRUE,https://static.strengthlevel.com/images/exercises/neck-extension/icons/neck-extension-icon-128.webp,669cee980c89e9434327caa5,Neck Extension,Extension cou,FALSE,,669c3609218324e0b7682b73,691b3d129c28bf0f3ee1235b,,,10
TRUE,https://static.strengthlevel.com/images/exercises/seated-dumbbell-curl/icons/seated-dumbbell-curl-icon-128.webp,669cee980c89e9434327caa5,Seated Dumbbell Curl,Curl haltères assis,FALSE,,6888d9706e86f456e1861e11,669c3609218324e0b7682aaa,669c3609218324e0b7682a4c,,75
TRUE,https://static.strengthlevel.com/images/exercises/cable-leg-extension/icons/cable-leg-extension-icon-128.webp,669cee980c89e9434327caa6,Cable Leg Extension,Extension de jambes poulie,FALSE,,669c3609218324e0b7682b73,669c3609218324e0b7682a47,68b6de6cfefb7daba8c16c98,,30
TRUE,https://static.strengthlevel.com/images/exercises/meadows-row/icons/meadows-row-icon-128.webp,669cee980c89e9434327caa5,Meadows Row,Rowing Meadows,FALSE,,669ced7e665a3ffe7771436c,691c914b9c28bf0f3ee12371,,,25
TRUE,https://static.strengthlevel.com/images/exercises/cable-shrug/icons/cable-shrug-icon-128.webp,669cee980c89e9434327caa5,Cable Shrug,Shrug poulie,FALSE,,669ced7e665a3ffe7771436b,68b6de6cfefb7daba8c16c98,,,50
TRUE,https://static.strengthlevel.com/images/exercises/single-leg-seated-calf-raise/icons/single-leg-seated-calf-raise-icon-128.webp,669cee980c89e9434327caa6,Single Leg Seated Calf Raise,Extension mollets assis une jambe,FALSE,,669c3609218324e0b7682b73,677e95416294b680edf9762d,669c3609218324e0b7682a4c,669c3609218324e0b7682b2e,30
TRUE,https://static.strengthlevel.com/images/exercises/cable-woodchopper/icons/cable-woodchopper-icon-128.webp,669cee980c89e9434327caaa,Cable Woodchopper,Rotation buste poulie,FALSE,,691c97159c28bf0f3ee12375,68b6de6cfefb7daba8c16c98,,,55
TRUE,https://static.strengthlevel.com/images/exercises/one-arm-pulldown/icons/one-arm-pulldown-icon-128.webp,669cee980c89e9434327caa5,One Arm Pulldown,Tirage un bras,FALSE,,669ced7e665a3ffe7771436c,691ae56e9c28bf0f3ee1234c,,,35
TRUE,https://static.strengthlevel.com/images/exercises/hang-snatch/icons/hang-snatch-icon-128.webp,669cee980c89e9434327caad,Hang Snatch,Arraché depuis les cuisses,FALSE,,669ced7e665a3ffe777143bb,669c3609218324e0b7682a98,,,20
TRUE,https://static.strengthlevel.com/images/exercises/spoto-press/icons/spoto-press-icon-128.webp,669cee980c89e9434327caa5,Spoto Press,Développé Spoto,FALSE,,669ced7e665a3ffe77714367,691c89a89c28bf0f3ee1236d,,,25
TRUE,https://static.strengthlevel.com/images/exercises/one-arm-lat-pulldown/icons/one-arm-lat-pulldown-icon-128.webp,669cee980c89e9434327caa5,One Arm Lat Pulldown,Tirage vertical un bras,FALSE,,669ced7e665a3ffe7771436f,691ae56e9c28bf0f3ee1234c,,,35
TRUE,https://static.strengthlevel.com/images/exercises/spider-curl/icons/spider-curl-icon-128.webp,669cee980c89e9434327caa5,Spider Curl,Curl Spider,FALSE,,6888d9706e86f456e1861e11,669c3609218324e0b7682b0f,,,40
TRUE,https://static.strengthlevel.com/images/exercises/standing-cable-crunch/icons/standing-cable-crunch-icon-128.webp,669cee980c89e9434327caaa,Standing Cable Crunch,Crunchs debout poulie,FALSE,,669ced7e665a3ffe7771439a,669c3609218324e0b7682a4b,68b6de6cfefb7daba8c16c98,,45
TRUE,https://static.strengthlevel.com/images/exercises/high-pulley-crunch/icons/high-pulley-crunch-icon-128.webp,669cee980c89e9434327caaa,High Pulley Crunch,Crunchs poulie haute,FALSE,,669ced7e665a3ffe7771439a,669c3609218324e0b7682aad,,,40
TRUE,https://static.strengthlevel.com/images/exercises/overhead-cable-curl/icons/overhead-cable-curl-icon-128.webp,669cee980c89e9434327caa5,Overhead Cable Curl,Curl biceps poulie au dessus de la tête,FALSE,,6888d9706e86f456e1861e11,669c3609218324e0b7682a45,68b6de6cfefb7daba8c16c98,669c3609218324e0b7682b64,50
TRUE,https://static.strengthlevel.com/images/exercises/roman-chair-side-bend/icons/roman-chair-side-bend-icon-128.webp,669cee980c89e9434327caaa,Roman Chair Side Bend,Flexions latérales chaise romaine,FALSE,,669ced7e665a3ffe777143a8,691c93aa9c28bf0f3ee12373,,,40
TRUE,https://static.strengthlevel.com/images/exercises/dumbbell-reverse-wrist-curl/icons/dumbbell-reverse-wrist-curl-icon-128.webp,669cee980c89e9434327caa5,Dumbbell Reverse Wrist Curl,Curl poignets inversé haltères,FALSE,,6888d9706e86f456e1861e11,691b3b709c28bf0f3ee1235a,669c3609218324e0b7682ae3,669c3609218324e0b7682aaa,20
TRUE,https://static.strengthlevel.com/images/exercises/zottman-curl/icons/zottman-curl-icon-128.webp,669cee980c89e9434327caa5,Zottman Curl,Curl Rotation,FALSE,,6888d9706e86f456e1861e11,669c3609218324e0b7682aee,,,35
TRUE,https://static.strengthlevel.com/images/exercises/incline-cable-curl/icons/incline-cable-curl-icon-128.webp,669cee980c89e9434327caa5,Incline Cable Curl,Curl incliné poulie,FALSE,,6888d9706e86f456e1861e11,669c3609218324e0b7682a82,68b6de6cfefb7daba8c16c98,,45
TRUE,https://static.strengthlevel.com/images/exercises/renegade-row/icons/renegade-row-icon-128.webp,669cee980c89e9434327caa5,Renegade Row,Rowing renegade,FALSE,,669ced7e665a3ffe7771436c,691c917d9c28bf0f3ee12372,,,45
TRUE,https://static.strengthlevel.com/images/exercises/lying-cable-curl/icons/lying-cable-curl-icon-128.webp,669cee980c89e9434327caa5,Lying Cable Curl,Curl biceps allongé poulie,FALSE,,6888d9706e86f456e1861e11,669c3609218324e0b7682a45,68b6de6cfefb7daba8c16c98,669c3609218324e0b7682a4d,40
TRUE,https://static.strengthlevel.com/images/exercises/dumbbell-bench-pull/icons/dumbbell-bench-pull-icon-128.webp,669cee980c89e9434327caa5,Dumbbell Bench Pull,Tirage sur banc haltères,FALSE,,669ced7e665a3ffe7771436c,669c3609218324e0b7682a4f,669c3609218324e0b7682aaa,,25
TRUE,https://static.strengthlevel.com/images/exercises/one-arm-landmine-press/icons/one-arm-landmine-press-icon-128.webp,669cee980c89e9434327caa5,One Arm Landmine Press,Développé landmine un bras,FALSE,,669c3609218324e0b7682b76,691aff299c28bf0f3ee12352,691ae56e9c28bf0f3ee1234c,,30
TRUE,https://static.strengthlevel.com/images/exercises/dumbbell-front-squat/icons/dumbbell-front-squat-icon-128.webp,669cee980c89e9434327caa6,Dumbbell Front Squat,Squat avant haltères,FALSE,,669ced7e665a3ffe77714374,6918e8b56f9c2c0bb57e8ffc,669c3609218324e0b7682aaa,,50
TRUE,https://static.strengthlevel.com/images/exercises/one-arm-seated-cable-row/icons/one-arm-seated-cable-row-icon-128.webp,669cee980c89e9434327caa5,One Arm Seated Cable Row,Rowing assis un bras poulie,FALSE,,669ced7e665a3ffe7771436c,669c3609218324e0b7682a4c,691ae56e9c28bf0f3ee1234c,68b6de6cfefb7daba8c16c98,40
TRUE,https://static.strengthlevel.com/images/exercises/tate-press/icons/tate-press-icon-128.webp,669cee980c89e9434327caa5,Tate Press,Développé Tate,FALSE,,669ced7e665a3ffe77714367,691c8b319c28bf0f3ee1236e,,,15
TRUE,https://static.strengthlevel.com/images/exercises/cable-hammer-curl/icons/cable-hammer-curl-icon-128.webp,669cee980c89e9434327caa5,Cable Hammer Curl,Curl marteau poulie,FALSE,,6888d9706e86f456e1861e11,669c3609218324e0b7682a93,68b6de6cfefb7daba8c16c98,,60
TRUE,https://static.strengthlevel.com/images/exercises/floor-hip-extension/icons/floor-hip-extension-icon-128.webp,669cee980c89e9434327caa6,Floor Hip Extension,Extension de hanche au sol,FALSE,,669c3609218324e0b7682b73,669c3609218324e0b7682a48,669c3609218324e0b7682a97,,30
TRUE,https://static.strengthlevel.com/images/exercises/dumbbell-z-press/icons/dumbbell-z-press-icon-128.webp,669cee980c89e9434327caa5,Dumbbell Z Press,Développé Z haltères,FALSE,,669c3609218324e0b7682b76,691c86df9c28bf0f3ee1236b,669c3609218324e0b7682aaa,,15
TRUE,https://static.strengthlevel.com/images/exercises/dumbbell-split-squat/icons/dumbbell-split-squat-icon-128.webp,669cee980c89e9434327caa6,Dumbbell Split Squat,Squat fente haltères,FALSE,,669ced7e665a3ffe77714374,669ced7e665a3ffe77714376,669c3609218324e0b7682aaa,,55
TRUE,https://static.strengthlevel.com/images/exercises/wall-ball/icons/wall-ball-icon-128.webp,669cee980c89e9434327caa5,Wall Ball,Lancé de médecine ball,FALSE,,,,,,50
TRUE,https://static.strengthlevel.com/images/exercises/floor-hip-abduction/icons/floor-hip-abduction-icon-128.webp,669cee980c89e9434327caa6,Floor Hip Abduction,Abduction de hanche au sol,FALSE,,669c3609218324e0b7682b74,669c3609218324e0b7682a48,669c3609218324e0b7682a97,,40
TRUE,https://static.strengthlevel.com/images/exercises/dumbbell-reverse-curl/icons/dumbbell-reverse-curl-icon-128.webp,669cee980c89e9434327caa5,Dumbbell Reverse Curl,Curl inversé haltères,FALSE,,6888d9706e86f456e1861e11,669c3609218324e0b7682ae3,669c3609218324e0b7682aaa,,30
TRUE,https://static.strengthlevel.com/images/exercises/clap-pull-up/icons/clap-pull-up-icon-128.webp,669cee980c89e9434327caa7,Clap Pull Up,Traction claquée,FALSE,,669ced7e665a3ffe77714379,669c3609218324e0b7682b3f,,,25
TRUE,https://static.strengthlevel.com/images/exercises/bent-arm-barbell-pullover/icons/bent-arm-barbell-pullover-icon-128.webp,669cee980c89e9434327caa5,Bent Arm Barbell Pullover,Pull-over barre bras fléchis,FALSE,,669ced7e665a3ffe77714371,669c3609218324e0b7682aa0,669c3609218324e0b7682a54,,20
TRUE,https://static.strengthlevel.com/images/exercises/ring-muscle-ups/icons/ring-muscle-ups-icon-128.webp,669cee980c89e9434327caa7,Ring Muscle Ups,Muscle-up anneaux,FALSE,,669ced7e665a3ffe7771437c,669c3609218324e0b7682ac0,,,30
TRUE,https://static.strengthlevel.com/images/exercises/dumbbell-thruster/icons/dumbbell-thruster-icon-128.webp,669cee980c89e9434327caa6,Dumbbell Thruster,Thruster haltères,FALSE,,,,,,40
TRUE,https://static.strengthlevel.com/images/exercises/decline-dumbbell-fly/icons/decline-dumbbell-fly-icon-128.webp,669cee980c89e9434327caa5,Decline Dumbbell Fly,Écarté décliné haltères,FALSE,,669ced7e665a3ffe77714368,669c3609218324e0b7682a83,669c3609218324e0b7682aaa,,25
TRUE,https://static.strengthlevel.com/images/exercises/dumbbell-high-pull/icons/dumbbell-high-pull-icon-128.webp,669cee980c89e9434327caa5,Dumbbell High Pull,Tirage vertical haltères,FALSE,,669ced7e665a3ffe7771436c,6918f0676f9c2c0bb57e9002,669c3609218324e0b7682aaa,,30
TRUE,https://static.strengthlevel.com/images/exercises/dumbbell-face-pull/icons/dumbbell-face-pull-icon-128.webp,669cee980c89e9434327caa5,Dumbbell Face Pull,Tirage visage haltères,FALSE,,669ced7e665a3ffe7771436e,669c3609218324e0b7682aaa,,,35
TRUE,https://static.strengthlevel.com/images/exercises/dumbbell-hang-clean/icons/dumbbell-hang-clean-icon-128.webp,669cee980c89e9434327caa5,Dumbbell Hang Clean,Épaulé explosif avec haltères depuis les cuisses,FALSE,,669ced7e665a3ffe777143bc,669c3609218324e0b7682a98,669c3609218324e0b7682aaa,,25
TRUE,https://static.strengthlevel.com/images/exercises/dumbbell-walking-calf-raise/icons/dumbbell-walking-calf-raise-icon-128.webp,669cee980c89e9434327caa6,Dumbbell Walking Calf Raise,Extension mollets marchés haltères,FALSE,,669c3609218324e0b7682b73,677e95416294b680edf9762d,691b46b29c28bf0f3ee12360,669c3609218324e0b7682aaa,30
TRUE,https://static.strengthlevel.com/images/exercises/dumbbell-push-press/icons/dumbbell-push-press-icon-128.webp,669cee980c89e9434327caa5,Dumbbell Push Press,Développé poussé haltères,FALSE,,669c3609218324e0b7682b76,691c709c9c28bf0f3ee12368,669c3609218324e0b7682aaa,,35
TRUE,https://static.strengthlevel.com/images/exercises/dumbbell-incline-y-raise/icons/dumbbell-incline-y-raise-icon-128.webp,669cee980c89e9434327caa5,Dumbbell Incline Y Raise,Élévations Y incliné haltères,FALSE,,669c3609218324e0b7682b71,691c88e59c28bf0f3ee1236c,669c3609218324e0b7682a82,669c3609218324e0b7682aaa,20
TRUE,https://static.strengthlevel.com/images/exercises/dumbbell-clean-and-press/icons/dumbbell-clean-and-press-icon-128.webp,669cee980c89e9434327caad,Dumbbell Clean and Press,Épaulé-développé haltères,FALSE,,669ced7e665a3ffe777143bc,669c3609218324e0b7682a98,669c3609218324e0b7682b76,,35
TRUE,https://static.strengthlevel.com/images/exercises/cable-external-rotation/icons/cable-external-rotation-icon-128.webp,669cee980c89e9434327caaa,Cable External Rotation,Rotation externe poulie,FALSE,,691c97159c28bf0f3ee12375,669c3609218324e0b7682a49,68b6de6cfefb7daba8c16c98,,55
TRUE,https://static.strengthlevel.com/images/exercises/flutter-kicks/icons/flutter-kicks-icon-128.webp,669cee980c89e9434327caaa,Flutter Kicks,Battements de jambes,FALSE,,,,,,60
TRUE,https://static.strengthlevel.com/images/exercises/mountain-climbers/icons/mountain-climbers-icon-128.webp,669cee980c89e9434327caaa,Mountain Climbers,Grimpeur,FALSE,,,,,,80
TRUE,https://static.strengthlevel.com/images/exercises/donkey-calf-raise/icons/donkey-calf-raise-icon-128.webp,669cee980c89e9434327caa6,Donkey Calf Raise,Extension mollets à l'âne,FALSE,,669c3609218324e0b7682b73,677e95416294b680edf9762d,691b47049c28bf0f3ee12361,,40
TRUE,https://static.strengthlevel.com/images/exercises/superman/icons/superman-icon-128.webp,669cee980c89e9434327caaa,Superman,Superman,TRUE,669c3609218324e0b7682b49,,,,,65
TRUE,https://static.strengthlevel.com/images/exercises/scissor-kicks/icons/scissor-kicks-icon-128.webp,669cee980c89e9434327caaa,Scissor Kicks,Ciseaux,TRUE,669ced7e665a3ffe777143a4,,,,,60
TRUE,,669cee980c89e9434327caa7,Knee Push-Ups,Pompes sur les genoux,FALSE,,669ced7e665a3ffe7771437a,669c3609218324e0b7682a4e,,,75
TRUE,,669cee980c89e9434327caa7,Wide Push-Ups,Pompes prise large,FALSE,,669ced7e665a3ffe7771437a,691ae78f9c28bf0f3ee1234e,,,70
TRUE,,669cee980c89e9434327caa7,Typewriter Push-Ups,Pompes Typewriter,FALSE,,669ced7e665a3ffe7771437a,69205b57f94b17a153ce44af,,,25
TRUE,,669cee980c89e9434327caa7,Pseudo Planche Push-Up,Pseudo Planche Push-Up,FALSE,,669ced7e665a3ffe77714385,669c3609218324e0b7682b34,69205d6ff94b17a153ce44b0,,20
TRUE,,669cee980c89e9434327caa7,Maltese Push-Up,Maltese Push-Up,FALSE,,669ced7e665a3ffe77714387,669c3609218324e0b7682b34,,,5
TRUE,,669cee980c89e9434327caa7,Finger Push-Ups,Pompes sur les doigts,FALSE,,669ced7e665a3ffe7771437a,669c3609218324e0b7682a66,,,15
TRUE,,669cee980c89e9434327caa7,Knuckle Push-Ups,Pompes sur les poings,FALSE,,669ced7e665a3ffe7771437a,669c3609218324e0b7682a67,,,25
TRUE,,669cee980c89e9434327caa7,Sphinx Push-Up (Triceps Extension Push-Up),Sphinx Push-Up,FALSE,,669ced7e665a3ffe7771437a,69205e2bf94b17a153ce44b1,,,15
TRUE,,669cee980c89e9434327caa7,Hindu Push-Up,Hindu Push-Up,FALSE,,669ced7e665a3ffe7771437a,669c3609218324e0b7682aff,,,30
TRUE,,669cee980c89e9434327caa7,Clap Push-Ups,Pompes claquées,FALSE,,669ced7e665a3ffe7771437a,669c3609218324e0b7682b3f,,,45
TRUE,,669cee980c89e9434327caa7,Superman Push-Ups,Pompes Superman,FALSE,,669ced7e665a3ffe7771437a,669c3609218324e0b7682b49,,,15
TRUE,,669cee980c89e9434327caa7,Aztec Push-Ups,Pompes Aztèques,FALSE,,669ced7e665a3ffe7771437a,692060a8f94b17a153ce44b2,,,5
TRUE,,669cee980c89e9434327caa7,Straight Bar Dips,Dips barre droite,FALSE,,669ced7e665a3ffe7771437b,69206209f94b17a153ce44b8,,,35
TRUE,,669cee980c89e9434327caa7,Korean Dips,Dips coréens,FALSE,,669ced7e665a3ffe7771437b,669c3609218324e0b7682afb,,,10
TRUE,,669cee980c89e9434327caa7,Russian Dips,Russian Dips,FALSE,,669ced7e665a3ffe7771437b,692065f1f94b17a153ce44b9,,,15
TRUE,,669cee980c89e9434327caa7,Impossible Dip,Impossible Dip,FALSE,,669ced7e665a3ffe7771437b,669c3609218324e0b7682af8,,,2
TRUE,,669cee980c89e9434327caa7,Ring Support Hold,Ring Support Hold,FALSE,,69206771f94b17a153ce44ba,669c3609218324e0b7682ac0,,,30
TRUE,,669cee980c89e9434327caa7,Bulgarian Ring Dips,Dips bulgares aux anneaux,FALSE,,669ced7e665a3ffe7771437b,669c3609218324e0b7682af4,669c3609218324e0b7682ac0,,20
TRUE,,669cee980c89e9434327caa7,Elevated Pike Push-Up,Pike Push-Up pieds surélevés,FALSE,,669ced7e665a3ffe7771437a,669c3609218324e0b7682b00,669c3609218324e0b7682a70,,30
TRUE,,669cee980c89e9434327caa7,Wall Handstand Push-Up (Back-to-wall),Handstand Push-Up (dos au mur),FALSE,,669ced7e665a3ffe7771437a,669ced7e665a3ffe77714386,69206906f94b17a153ce44bb,,35
TRUE,,669cee980c89e9434327caa7,Wall Handstand Push-Up (Chest-to-wall),Handstand Push-Up (face au mur),FALSE,,669ced7e665a3ffe7771437a,669ced7e665a3ffe77714386,69206952f94b17a153ce44bc,,25
TRUE,,669cee980c89e9434327caa7,90 Degree Push-Up,Pompes 90 degrés,FALSE,,669ced7e665a3ffe7771437a,669c3609218324e0b7682af6,,,5
TRUE,,669cee980c89e9434327caa7,Passive Hang,Suspension passive,FALSE,,669ced7e665a3ffe77714380,,,,50
TRUE,,669cee980c89e9434327caa7,Scapula Pull-Up,Tirage scapulaire,FALSE,,669ced7e665a3ffe77714379,69207017f94b17a153ce44bf,,,40
TRUE,,669cee980c89e9434327caa7,Australian Pull-Ups / Body Rows,Tractions australiennes,FALSE,,669ced7e665a3ffe77714379,669c3609218324e0b7682afd,,,60
TRUE,,669cee980c89e9434327caa7,Wide Grip Pull-Ups,Tractions prise large,FALSE,,669ced7e665a3ffe77714379,691ae78f9c28bf0f3ee1234e,,,80
TRUE,,669cee980c89e9434327caa7,Close Grip Pull-Ups,Tractions prise serrée,FALSE,,669ced7e665a3ffe77714379,691ae7459c28bf0f3ee1234d,,,75
TRUE,,669cee980c89e9434327caa7,Commando Pull-Up,Commando Pull-Up,FALSE,,669ced7e665a3ffe77714379,669c3609218324e0b7682afc,,,35
TRUE,,669cee980c89e9434327caa7,L-Sit Pull-Up,Tractions L-Sit,FALSE,,669ced7e665a3ffe77714379,669ced7e665a3ffe7771438a,,,30
TRUE,,669cee980c89e9434327caa7,Archer Pull-Up,Archer Pull-Up,FALSE,,669ced7e665a3ffe77714379,691b3f6b9c28bf0f3ee1235c,,,20
TRUE,,669cee980c89e9434327caa7,Typewriter Pull-Up,Typewriter Pull-Up,FALSE,,669ced7e665a3ffe77714379,69205b57f94b17a153ce44af,,,15
TRUE,,669cee980c89e9434327caa7,High Pull-Up,High Pull-Up (explosif),FALSE,,669ced7e665a3ffe77714379,691b39a59c28bf0f3ee12359,66cc8e26148b9943caa05ce7,,25
TRUE,,669cee980c89e9434327caa7,One Arm Pull-Up (Assisted),OAP assistée,FALSE,,669ced7e665a3ffe77714379,691ae56e9c28bf0f3ee1234c,669c3609218324e0b7682ae6,,15
TRUE,,669cee980c89e9434327caa7,One Arm Pull-Up (Negative),OAP négative,FALSE,,669ced7e665a3ffe77714379,691ae56e9c28bf0f3ee1234c,,,10
TRUE,,669cee980c89e9434327caa7,Front Lever Pull-Up,Tractions Front Lever,FALSE,,669ced7e665a3ffe77714379,669ced7e665a3ffe77714383,,,10
TRUE,,669cee980c89e9434327caa7,Muscle-Up (Kipping),Muscle-Up Kipping,FALSE,,669ced7e665a3ffe7771437c,669c3609218324e0b7682b4d,,,40
TRUE,,669cee980c89e9434327caa7,Wide Grip Muscle-Up,Muscle-Up prise large,FALSE,,669ced7e665a3ffe7771437c,691ae78f9c28bf0f3ee1234e,,,15
TRUE,,669cee980c89e9434327caa7,Ring Rows,Rowing aux anneaux,FALSE,,669ced7e665a3ffe7771436c,669c3609218324e0b7682ac0,,,55
TRUE,,669cee980c89e9434327caa7,Ring Face Pull,Face Pull aux anneaux,FALSE,,669ced7e665a3ffe7771436e,669c3609218324e0b7682ac0,,,25
TRUE,,669cee980c89e9434327caa7,Pelican Curl,Pelican Curl,FALSE,,669c3609218324e0b7682afa,6888d9706e86f456e1861e11,,,5
TRUE,,669cee980c89e9434327caa7,Hefesto,Hefesto,FALSE,,669ced7e665a3ffe7771437d,,,,3
TRUE,,691f6da91908670e511cefb8,Prisoner Squat,Squat prisonnier,FALSE,,669ced7e665a3ffe77714374,692074fcf94b17a153ce44c1,,,50
TRUE,,691f6da91908670e511cefb8,Assisted Pistol Squat,Pistol Squat assisté,FALSE,,669ced7e665a3ffe77714374,669c3609218324e0b7682b0a,669c3609218324e0b7682ae6,,35
TRUE,,691f6da91908670e511cefb8,Dragon Pistol Squat,Dragon Pistol Squat,FALSE,,669ced7e665a3ffe77714374,69207677f94b17a153ce44c2,,,10
TRUE,,691f6da91908670e511cefb8,Shrimp Squat,Shrimp Squat,FALSE,,669ced7e665a3ffe77714374,692076f0f94b17a153ce44c3,,,15
TRUE,,691f6da91908670e511cefb8,Single Leg Glute Bridge,Glute Bridge une jambe,FALSE,,677e95e46294b680edf97630,669ced7e665a3ffe77714378,669c3609218324e0b7682b2e,,45
TRUE,,691f6da91908670e511cefb8,Standing Calf Raise,Extension mollets debout (2 jambes),FALSE,,669c3609218324e0b7682b73,677e95416294b680edf9762d,669c3609218324e0b7682a4b,,80
TRUE,,691f6da91908670e511cefb8,Single Leg Calf Raise,Extension mollets une jambe,FALSE,,669c3609218324e0b7682b73,677e95416294b680edf9762d,669c3609218324e0b7682b2e,,45
TRUE,,691f6da91908670e511cefb8,Tibialis Raise,Tibialis Raise,FALSE,,669c3609218324e0b7682b73,69207826f94b17a153ce44c4,,,25
TRUE,,669cee980c89e9434327caaa,Plank,Planche,FALSE,,669ced7e665a3ffe777143a1,,,,95
TRUE,,669cee980c89e9434327caaa,Side Plank,Planche latérale,FALSE,,669ced7e665a3ffe777143a1,66cc8e8f148b9943caa05cec,,,85
TRUE,,669cee980c89e9434327caaa,Hollow Body Hold,Hollow Hold,FALSE,,669ced7e665a3ffe7771439c,,,,55
TRUE,,669cee980c89e9434327caaa,Superman / Arch Hold,Maintien Superman / Arc,FALSE,,,,,,60
TRUE,,669cee980c89e9434327caaa,V-Up,V-Up,TRUE,692081fef94b17a153ce44c5,,,,,50
TRUE,,669cee980c89e9434327caa7,Dragon Flag,Dragon Flag,TRUE,669ced7e665a3ffe7771437e,,,,,25
TRUE,,669cee980c89e9434327caaa,Ab Wheel Rollout (Kneeling),Ab Wheel Rollout (genoux),FALSE,,669ced7e665a3ffe777143b7,677e947b6294b680edf97629,669c3609218324e0b7682a4e,,60
TRUE,,669cee980c89e9434327caaa,Ab Wheel Rollout (Standing),Ab Wheel Rollout (debout),FALSE,,669ced7e665a3ffe777143b7,677e947b6294b680edf97629,669c3609218324e0b7682a4b,,15
TRUE,,669cee980c89e9434327caaa,Windshield Wipers,Essuie-glaces,TRUE,669ced7e665a3ffe777143a5,,,,,40
TRUE,,669cee980c89e9434327caaa,Around the World,Around the World,FALSE,,,,,,30
TRUE,,669cee980c89e9434327caa7,L-Sit,L-Sit,TRUE,669ced7e665a3ffe7771438a,,,,,45
TRUE,,669cee980c89e9434327caa7,V-Sit,V-Sit,TRUE,669ced7e665a3ffe7771438b,,,,,25
TRUE,,669cee980c89e9434327caa8,Crow Pose,Position du corbeau,FALSE,,,,,,30
TRUE,,669cee980c89e9434327caa8,Headstand,Headstand (sur la tête),FALSE,,,,,,40
TRUE,,669cee980c89e9434327caa8,Handstand Wall Hold (Chest-to-wall),Handstand mur (ventre au mur),FALSE,,669ced7e665a3ffe77714386,69206952f94b17a153ce44bc,,,35
TRUE,,669cee980c89e9434327caa8,Free Handstand,Handstand libre,FALSE,,669ced7e665a3ffe77714386,,,,30
TRUE,,669cee980c89e9434327caa8,One Arm Handstand,Handstand à un bras,FALSE,,669ced7e665a3ffe77714386,691ae56e9c28bf0f3ee1234c,,,5
TRUE,,669cee980c89e9434327caa8,Planche Lean,Planche Lean,FALSE,,669ced7e665a3ffe77714385,691c2b729c28bf0f3ee12362,,,25
TRUE,,669cee980c89e9434327caa8,Tuck Planche,Tuck Planche,FALSE,,669ced7e665a3ffe77714385,669c3609218324e0b7682b2b,,,20
TRUE,,669cee980c89e9434327caa8,Advanced Tuck Planche,Advanced Tuck Planche,FALSE,,669ced7e665a3ffe77714385,669c3609218324e0b7682b2c,,,15
TRUE,,669cee980c89e9434327caa8,Straddle Planche,Straddle Planche,FALSE,,669ced7e665a3ffe77714385,669c3609218324e0b7682b2f,,,8
TRUE,,669cee980c89e9434327caa8,Full Planche,Full Planche,FALSE,,669ced7e665a3ffe77714385,669c3609218324e0b7682b33,,,5
TRUE,,669cee980c89e9434327caa8,Tuck Front Lever,Tuck Front Lever,FALSE,,669ced7e665a3ffe77714383,669c3609218324e0b7682b2b,,,25
TRUE,,669cee980c89e9434327caa8,Advanced Tuck Front Lever,Advanced Tuck Front Lever,FALSE,,669ced7e665a3ffe77714383,669c3609218324e0b7682b2c,,,15
TRUE,,669cee980c89e9434327caa8,One Leg Front Lever,One Leg Front Lever,FALSE,,669ced7e665a3ffe77714383,669c3609218324e0b7682b2e,,,10
TRUE,,669cee980c89e9434327caa8,Straddle Front Lever,Straddle Front Lever,FALSE,,669ced7e665a3ffe77714383,669c3609218324e0b7682b2f,,,8
TRUE,,669cee980c89e9434327caa8,Full Front Lever,Full Front Lever,FALSE,,669ced7e665a3ffe77714383,669c3609218324e0b7682b33,,,5
TRUE,,669cee980c89e9434327caa8,German Hang,German Hang,FALSE,,,,,,20
TRUE,,669cee980c89e9434327caa8,Tuck Back Lever,Tuck Back Lever,FALSE,,669ced7e665a3ffe77714384,669c3609218324e0b7682b2b,,,15
TRUE,,669cee980c89e9434327caa8,Full Back Lever,Full Back Lever,FALSE,,669ced7e665a3ffe77714384,669c3609218324e0b7682b33,,,10
TRUE,,669cee980c89e9434327caa8,Human Flag (Vertical progression),Drapeau vertical,FALSE,,669ced7e665a3ffe77714388,6918f0676f9c2c0bb57e9002,,,15
TRUE,,669cee980c89e9434327caa8,Tuck Human Flag,Tuck Human Flag,FALSE,,669ced7e665a3ffe77714388,669c3609218324e0b7682b2b,,,10
TRUE,,669cee980c89e9434327caa8,Human Flag (Full),Drapeau complet,FALSE,,669ced7e665a3ffe77714388,669c3609218324e0b7682b33,,,5
TRUE,,669cee980c89e9434327caac,Navy Seal Burpees,Navy Seal Burpees,FALSE,,669ced7e665a3ffe777143ac,6921e885f94b17a153ce44c7,,,20
TRUE,,669cee980c89e9434327caa9,Bear Crawl,Bear Crawl,FALSE,,,,,,45
TRUE,,669cee980c89e9434327caa9,Bar Spin (360),Bar Spin (360),TRUE,669ced7e665a3ffe77714392,,,,,5
TRUE,,669cee980c89e9434327caa9,Pullover,Pullover,TRUE,6921e77ef94b17a153ce44c6,,,,,50
TRUE,,669cee980c89e9434327caa9,Skin the Cat,Skin the Cat,TRUE,669ced7e665a3ffe77714391,,,,,25
TRUE,,669cee980c89e9434327caa9,Back Hip Circle,Back Hip Circle,FALSE,,,,,,5
TRUE,,669cee980c89e9434327caa8,Escanor Hold,Escanor Hold,TRUE,669ced7e665a3ffe7771438f,,,,,1